# x y z vx vy vz mass
23.735442 -21.475522 -8.103639 24.016543 -21.885544 -7.584781 0.631313
65.780979 46.707391 57.216221 67.954918 47.974265 58.986732 0.591769
-67.912894 -76.917398 84.518514 -70.064890 -79.327594 86.904284 1.333971
102.494623 -50.023684 137.864310 105.609284 -51.412675 142.017363 0.645263
-8.986737 59.578451 8.505137 -9.317635 61.012363 8.520564 1.150134
-1.375329 3.250866 1.607186 -1.128423 3.362347 2.299163 1.609342
-31.795678 -30.977172 3.196913 -33.216145 -32.153713 3.778061 1.184263
-83.222469 73.988597 -98.895474 -85.798467 76.198933 -102.070543 0.642412
127.884737 -71.191627 -135.114506 131.834463 -73.386383 -139.308503 0.878400
40.127959 142.033595 46.567132 41.301239 146.289577 48.003547 0.832666
34.070792 44.085979 59.932971 34.873903 45.404772 61.690235 1.890848
-96.670932 -27.124136 78.372516 -99.506626 -28.138118 80.568594 0.885841
-171.091831 -132.273392 62.902848 -176.344816 -136.319581 64.810961 0.846961
26.319863 53.963098 25.232560 27.422353 55.287243 25.942373 1.418766
170.153400 61.210628 -65.809960 175.239707 63.070368 -67.831269 0.609970
-95.924832 -183.245919 81.813961 -98.861121 -188.883721 84.327309 1.220737
31.022408 129.797093 163.410512 32.003309 133.745620 168.319503 0.650508
-9.382249 -126.078952 -190.523584 -9.656242 -129.931366 -196.466875 1.392030
9.512090 3.996138 85.117399 9.759723 4.192636 87.494817 0.937150
36.267926 20.692941 -64.954755 37.238712 21.095901 -66.590087 0.962771
116.365210 -51.524537 -180.324495 119.952124 -53.087513 -185.893861 1.786247
49.602454 34.183914 -72.072263 51.093886 35.334261 -74.171695 1.806069
8.791194 -170.520115 -48.303857 9.091181 -175.743312 -49.722778 0.910069
71.050617 135.971841 -7.690860 73.225461 139.998217 -7.992814 1.257159
-20.189618 11.268778 29.066070 -21.117057 11.570191 29.580599 1.196629
39.979111 -18.716475 33.784896 41.163018 -19.384549 35.001309 0.868478
-71.490083 22.259923 -41.125635 -73.491588 22.904183 -42.444139 1.851008
169.280646 29.840467 56.013015 174.486426 30.700415 57.656319 1.357082
67.172915 -43.133937 102.698115 69.139603 -44.287044 105.874460 0.918155
29.475366 -35.358701 98.199920 30.580261 -36.291696 101.031617 0.620028
69.673477 -87.004473 112.683400 71.828540 -89.658349 116.084217 1.055096
26.815732 12.939502 -39.957419 28.280686 12.807882 -40.961678 1.102818
-43.213033 25.873474 -42.072229 -44.025624 27.125549 -43.097170 1.997136
46.345586 116.616995 121.943784 47.885677 120.141397 125.631380 1.463099
-42.100625 98.478064 21.767817 -43.508841 101.383409 22.302922 1.222730
61.804727 11.160988 -47.537090 63.994515 11.460031 -48.998488 1.273500
24.153998 -121.022081 60.416533 24.853059 -124.531831 62.293161 1.781817
-84.402486 -92.113903 76.782963 -86.767100 -94.649914 78.864619 1.879483
92.361350 -77.170246 -116.171995 95.099112 -79.518736 -119.764022 1.448953
-5.471275 -3.187112 8.052492 -5.254022 -2.893892 8.133573 1.508227
181.180305 254.491434 321.770941 186.703890 262.421245 331.788110 1.357879
-131.679358 10.932832 4.279861 -135.401305 11.329842 4.429430 1.554993
-41.275475 11.329687 1.301892 -41.827265 11.920085 2.613526 1.956083
9.811547 66.119586 56.022633 10.142821 68.017335 57.609752 1.759108
-44.180552 101.794306 18.311443 -45.466713 104.922492 18.821965 1.888697
-1.051206 51.393743 2.580721 -0.723034 51.250523 3.646939 1.530331
-17.496223 -13.272962 118.235027 -18.064082 -13.559134 121.662137 1.884394
94.151541 105.528876 72.195033 97.143418 108.792143 74.345276 1.869691
-22.893077 -98.295143 64.153253 -23.583672 -101.037784 66.029979 0.629859
-86.041537 66.469963 -137.976453 -88.710101 68.502649 -142.246070 0.863624
-135.521199 11.560977 109.604175 -139.592830 11.928103 112.841881 1.423310
41.088736 35.069704 -80.351508 42.520585 36.271924 -82.685483 1.658538
-93.239152 49.448410 5.202714 -95.982224 50.884278 5.491962 0.923687
-47.049838 -88.122614 77.517828 -48.188714 -90.722275 79.707534 0.564075
-128.523491 65.376933 103.082674 -132.444000 67.335909 106.199330 0.713288
147.991771 51.499716 125.947493 152.537877 53.114518 129.690021 1.911240
11.055927 -13.144839 41.994957 11.312443 -13.921711 43.226196 1.722765
18.062181 -61.699205 -36.589612 18.766909 -63.396845 -37.669390 1.736753
-47.114648 -101.724714 139.260747 -48.599131 -104.788583 143.543372 1.715856
-63.887561 -68.498110 -84.013058 -65.872818 -70.663101 -86.663592 1.491287
200.450437 -5.476910 4.851081 206.553537 -5.549876 5.017341 1.172535
-7.875589 -4.270333 -37.085393 -8.371388 -3.827384 -38.544943 0.504240
-15.065183 5.637133 100.667893 -15.172604 5.874522 103.424911 0.589982
23.111611 93.422071 124.964041 23.933674 96.208242 128.556120 1.798200
-112.190353 19.842719 32.420945 -115.458704 20.408807 33.430449 1.688019
54.436294 50.038853 -185.581741 56.054483 51.537865 -191.319983 1.418178
108.954423 -164.538128 -78.897957 112.276996 -169.573033 -81.344334 1.298052
63.824194 -14.772769 -36.566031 66.055163 -14.867827 -37.729025 1.011365
-35.162380 -9.346799 41.995509 -36.078980 -9.667219 43.152510 0.568541
-15.426915 -151.254263 74.336269 -15.863767 -155.641870 76.582867 0.783634
120.220206 39.011906 145.192974 123.967103 40.125176 149.653043 1.392363
24.875667 -16.471201 -119.767532 25.656316 -17.037833 -123.307750 0.506736
-1.461920 -27.267845 78.830251 -1.430260 -27.838637 80.994385 1.534955
124.187246 133.030805 -94.279331 128.032050 137.101404 -97.238641 1.489948
50.580554 125.897416 -64.346528 52.072356 129.852832 -66.402126 0.508622
0.528590 17.689375 115.619518 0.602454 18.240885 118.854779 1.775876
-164.557280 -25.883862 -3.628291 -169.459961 -26.658223 -3.772725 0.795178
15.827450 10.835203 -9.300841 15.864653 10.096884 -8.954151 1.770181
62.270693 71.977014 64.398794 64.375968 74.314679 66.473059 1.376111
-55.649028 -39.043688 53.458099 -56.311735 -40.325480 54.166580 1.449309
-137.516411 195.540077 72.041701 -141.756510 201.669767 74.342419 1.086476
-143.360462 90.820368 94.673262 -147.705759 93.657224 97.516727 1.460979
22.325825 -11.277430 -31.271366 22.719426 -11.479745 -31.781707 1.147216
119.942369 -149.818117 -32.561584 123.568364 -154.397091 -33.507402 1.682539
-22.167276 12.064035 -7.142112 -22.796209 12.616397 -7.403356 1.703362
-146.121422 -34.961087 13.186699 -150.414447 -35.936539 13.623480 1.684662
-95.647737 -137.850294 -79.515408 -98.602677 -142.087047 -81.942944 1.466787
-156.955752 20.030176 -42.978147 -161.719678 20.490632 -44.197028 1.161618
-85.846982 62.155389 -118.916077 -88.513403 64.219675 -122.451178 0.914337
47.050211 -78.696671 23.877492 48.507053 -80.968140 24.646998 1.085206
-20.130856 6.947785 23.426712 -20.646060 7.287648 24.043933 1.446820
54.677274 -63.905553 -37.693493 56.171346 -65.539419 -38.747658 1.130000
48.607999 -7.004367 78.872697 50.089754 -7.052092 81.126582 1.573590
-54.108417 -69.338494 98.121588 -55.879453 -71.397548 101.084464 1.548479
183.142569 -298.938085 -133.011875 184.230410 -301.037735 -134.903596 1.418171
-189.335658 -26.906331 46.648122 -195.174274 -27.688782 48.043669 0.958351
-23.126721 25.521562 -28.944732 -24.492907 26.213363 -30.131164 0.597441
46.761536 -60.285270 -26.560260 47.864805 -61.776014 -27.064978 1.939616
41.709418 -58.602154 64.667681 42.639713 -60.258313 66.551653 0.646937
132.108403 -10.197579 21.164045 135.876573 -10.435513 21.713930 1.680117
-79.319242 -77.449339 -56.104195 -81.843485 -79.768058 -57.852667 1.697898
-77.721409 150.290007 -188.429809 -80.150886 154.932754 -194.270204 0.542121
-60.408024 -43.509154 8.385075 -62.012158 -44.706324 8.686050 1.338461
40.911812 -61.016024 58.845558 42.264848 -62.698773 60.816218 0.505490
-86.921622 35.016584 -61.225528 -89.762294 35.921255 -63.022132 1.972003
56.330378 -49.464720 -100.044161 58.015627 -50.889891 -103.206508 0.907663
95.902767 -140.300104 165.103739 98.883292 -144.650811 170.142686 0.809388
-11.581835 -15.500256 -7.096172 -10.373827 -16.341432 -7.051812 1.499719
-18.331060 -16.090378 -7.609298 -19.429862 -16.979821 -8.085488 1.941567
36.759501 -79.577733 -36.634398 37.735874 -82.246825 -37.690094 1.624683
9.510077 193.526066 90.694021 9.776527 199.412659 93.462964 1.211609
-84.988513 -79.676934 65.487711 -87.137133 -83.175477 66.705590 0.833419
33.954123 113.240213 83.284657 34.915202 116.527442 85.762657 1.253138
-19.403696 47.615464 109.154848 -19.975438 48.978082 112.349515 1.196053
-80.446772 72.073591 -36.495007 -82.831644 74.155470 -37.582542 0.529020
-31.512837 62.319242 61.036586 -32.468896 64.312843 62.871954 1.757870
78.762327 -74.289343 85.133892 81.017650 -76.430644 87.614586 1.139025
-57.206988 -65.401884 -17.179281 -58.807935 -67.311938 -17.707670 1.713076
-198.868140 8.657449 -122.514072 -205.020383 8.943196 -126.360092 0.602251
-32.551017 33.196207 53.867429 -33.336620 34.074944 55.087880 0.745007
-109.117000 50.938552 129.686295 -112.511909 52.558406 133.660994 0.863585
25.005127 -43.516391 -169.702769 25.723604 -44.808362 -174.814896 1.798631
22.102176 -138.356077 229.812294 22.505493 -139.456565 232.588611 0.964909
17.233483 106.356974 88.034839 17.684557 109.505575 90.585425 0.799893
-105.948995 48.145867 -0.030519 -106.768356 47.913383 -0.183800 0.793060
5.858124 112.752907 64.163721 6.618294 116.770278 66.505197 1.679164
-130.083303 -145.480347 98.045773 -133.975490 -149.774054 100.853944 1.080389
-30.289263 -2.629687 -20.847508 -31.443596 -2.288280 -20.722051 1.521879
6.669237 116.685621 89.584966 6.879539 120.092303 92.274186 1.508414
-93.051060 81.516976 -35.839022 -97.007928 84.031804 -39.355770 1.607890
-73.284413 -71.070953 67.445454 -76.044173 -72.117287 68.689796 1.899037
203.580379 94.517449 -37.366637 207.706270 96.123301 -38.341841 0.792300
142.853544 -60.974276 -61.689132 147.289811 -62.791197 -63.583417 0.510179
-22.347258 224.950795 -89.356733 -23.128738 231.912216 -92.184128 1.664736
-181.207492 -74.640277 108.611473 -186.792811 -76.879835 111.958473 1.249318
58.819772 -146.715257 6.130459 60.551107 -151.314082 5.536616 0.845022
92.663118 -10.956451 194.961297 95.383516 -11.229167 200.892738 1.127952
-0.921000 -17.675151 -16.245316 -0.461297 -18.099111 -16.725981 1.652694
-33.804150 9.313595 24.260712 -34.589038 9.965773 24.763950 1.864526
-3.381671 -110.778341 -165.540423 -3.502229 -114.082277 -170.613376 0.558821
46.784426 54.731696 11.937508 48.117603 56.628463 12.496555 0.949737
-157.112743 32.735378 -47.511914 -161.755366 33.670512 -48.941697 0.909846
17.987035 -59.471830 -119.597730 18.628710 -61.232128 -123.105677 1.922264
98.949929 104.632314 -73.478419 102.063945 107.860559 -75.763832 0.642600
6.043218 -34.341420 36.968610 6.289183 -34.924545 37.867323 1.702216
32.899672 -148.816439 83.283665 33.830097 -153.170424 85.710555 0.731478
56.017697 66.272234 12.533314 57.913851 68.236032 12.622764 1.353990
100.055441 -132.880297 33.144251 103.169369 -137.020740 34.107102 1.059763
82.958153 -86.126723 11.369236 85.867926 -88.126173 12.070990 0.590553
-44.612873 -100.917981 150.305087 -45.985411 -103.875603 154.720867 1.421990
32.388061 -18.907487 106.351280 33.201690 -19.552826 109.571503 1.672597
11.729861 -31.348094 46.648815 12.091798 -32.349102 48.150431 0.736330
25.586776 19.691762 -47.053391 25.481746 19.065026 -46.360266 1.885081
-91.770987 91.213282 -58.433265 -94.612032 94.109809 -60.137585 1.672763
-119.699764 90.001772 -98.279465 -123.312400 92.820462 -101.288150 1.978606
-44.232822 -165.433855 -114.917450 -45.550683 -170.404188 -118.536187 0.603742
39.374688 71.908139 -145.480480 40.559910 74.108723 -149.975691 1.479602
-13.243349 110.160316 -48.830401 -13.660054 113.441257 -50.302429 1.380725
76.091115 -100.584173 78.579518 77.131597 -102.646395 80.165929 1.926297
-33.258422 -49.469925 -240.927948 -34.277899 -50.952125 -248.428290 1.527836
87.168872 -21.839425 -23.634912 89.461973 -22.401413 -24.333599 1.625427
86.555965 71.877543 -20.535384 89.013906 74.051975 -21.123518 0.938702
189.708087 94.919066 -1.457416 195.463227 97.828576 -1.515502 1.661142
-33.909877 34.735024 18.512806 -34.942599 34.988517 19.286429 1.462289
-32.165603 -55.549178 -7.468461 -33.020551 -56.956736 -7.766083 1.763326
-33.642425 -105.697430 73.893087 -34.721402 -108.685185 76.148424 1.167969
131.535798 57.913705 -69.681074 135.474109 59.738896 -71.807058 1.598879
-53.237163 -94.371296 89.228924 -54.956310 -97.060324 91.827230 1.683067
-132.713809 52.168160 -91.727422 -136.736172 53.749806 -94.553519 1.356476
-15.774528 -19.165058 15.247624 -16.751273 -19.853800 16.079338 1.067848
-36.328759 82.944624 -87.331427 -37.382685 85.370415 -89.808954 1.131758
91.577438 -61.459677 -49.435453 94.038332 -63.344993 -50.887536 1.718899
62.435578 72.414095 72.761581 64.393148 74.693037 75.091801 1.520986
134.993182 4.173228 -6.118500 138.954423 4.405153 -6.339553 0.736903
-149.608477 112.599773 -155.904520 -154.216828 116.090934 -160.750843 1.893953
-59.580258 -0.483956 128.622175 -61.308259 -0.521002 132.355032 1.609841
-67.106069 -87.438890 -66.775207 -69.355354 -90.167460 -68.928661 0.657406
10.524620 -208.773937 -12.219087 10.763528 -215.080176 -12.630912 1.342346
58.457488 -43.422206 103.792240 60.260873 -44.724885 106.688624 1.041052
120.792887 -77.219541 3.453071 124.500577 -79.562122 3.579687 0.539514
48.111664 -2.107233 -0.908381 49.162702 -2.347465 -0.977630 1.408734
-43.335098 -34.226760 9.946548 -44.829836 -34.605779 10.514786 0.783474
14.927489 -5.127175 -25.655834 15.878167 -5.329901 -26.320665 1.597226
0.352002 -25.563090 -3.599575 0.048554 -26.493925 -4.600199 1.988088
-22.476790 -45.918222 -89.811309 -23.094911 -47.281204 -92.362827 1.500838
8.917466 -28.604090 -79.611554 9.361078 -30.551070 -80.926416 1.988652
-94.833710 -44.562000 73.938040 -97.664329 -45.644194 76.196004 1.433957
96.005200 -30.669965 -42.879994 98.613935 -31.503037 -44.178207 1.642460
131.836513 -61.462656 70.010664 133.529556 -61.843842 71.319626 0.530262
-96.178402 10.401526 137.014980 -99.217896 10.620517 140.788682 0.975001
17.293850 -33.595738 51.213808 18.216970 -35.414386 52.921429 0.650995
-51.002106 -109.567135 7.325211 -52.426392 -112.876061 7.617540 1.192453
32.240336 -6.882801 102.236174 33.087016 -7.121486 105.021918 1.368364
108.589991 -19.630753 72.986124 111.707418 -20.120239 75.101183 1.404809
-77.220253 -95.674496 -62.729080 -79.596399 -98.500070 -64.764287 1.688775
61.415061 10.132191 51.089875 63.445333 10.498120 52.573071 1.539118
-8.347789 171.639685 -208.081736 -8.618819 176.929594 -214.534908 0.712791
-96.666068 178.886344 -296.922726 -98.219776 179.910320 -299.299163 1.794723
99.091201 105.360754 -31.980159 101.913164 108.525838 -33.019732 0.693497
-9.149343 27.579958 29.435769 -9.602804 28.752472 31.156748 0.927097
146.705957 -32.536703 -37.336796 151.115298 -33.419111 -38.594364 1.151503
58.943958 -89.482776 -3.441809 60.050962 -90.072950 -2.854722 0.952388
-73.120213 -76.907905 81.086858 -75.214421 -79.212765 83.393994 1.195140
115.281778 -108.403650 -54.714861 118.699165 -111.710880 -56.423574 1.485739
-14.616588 19.678061 20.674690 -15.379867 19.457487 21.029181 1.381285
48.556500 -9.312488 -13.837313 49.674795 -9.658120 -14.132483 0.541649
-115.651036 -14.643636 -23.431273 -118.919858 -15.004252 -24.090966 0.629455
44.925376 131.076359 -151.667231 46.304818 135.074673 -156.261665 1.461165
233.720415 1560.394380 -543.271042 240.899516 1608.734865 -560.079868 1.513109
110.557010 132.958541 1.886867 113.886354 137.031032 1.993260 1.708394
33.432257 -48.098346 -5.059907 34.378599 -49.414809 -5.225199 1.414250
48.433382 30.948437 -43.318271 50.471938 32.266023 -44.639993 0.892097
18.775282 -31.168495 20.132078 19.670234 -31.857117 20.635916 1.778504
84.430611 -163.506184 -140.422497 87.009018 -168.557602 -144.797829 1.863916
-124.056260 -67.743763 -17.932473 -127.697269 -69.697753 -18.574396 1.742973
-12.787164 -6.443494 -83.145426 -13.174016 -6.711274 -85.619930 1.632555
130.153088 69.454349 74.276262 133.943419 71.519569 76.541944 0.812505
-60.165888 -74.973552 -174.571683 -62.000302 -77.242282 -179.974270 1.477176
13.973540 64.609292 -5.015887 14.860856 66.582717 -5.546163 0.728555
3.415993 -0.849908 -106.597613 3.499229 -0.837404 -109.770960 0.759443
87.417770 50.969218 42.771662 89.895757 52.484574 43.890008 0.671960
-37.246308 43.735430 11.908545 -38.084214 44.754003 12.110220 1.722598
29.416539 -1.878360 -29.726192 30.372874 -1.974149 -30.169267 0.709813
-3.491533 -12.008822 -8.203508 -4.433998 -12.730346 -9.551627 1.482028
75.720520 -86.330829 -69.919355 78.042123 -89.086219 -72.191498 1.753442
72.571206 145.426593 11.179320 74.828887 149.684700 11.452210 0.974997
-248.572933 68.788523 -47.546845 -256.203937 70.789253 -49.175977 0.609576
-374.833586 -80.968482 91.225873 -377.854607 -82.494103 91.780609 1.515452
60.058056 -10.403253 -12.456562 61.731943 -10.726260 -12.677075 1.668019
-31.118524 101.789942 31.590415 -31.930663 104.841291 32.501178 1.518565
-123.245714 -7.696209 -42.802263 -126.940870 -7.815575 -44.197776 1.377492
130.179065 -51.639912 114.117506 134.078130 -53.148587 117.547018 1.789687
-83.794337 -84.065593 47.445578 -86.528894 -86.655450 48.767720 1.576687
-118.266938 3.078535 19.953006 -121.763909 3.331967 20.424456 1.690750
45.128616 16.806431 -7.520154 46.559757 17.019760 -8.000311 0.542839
-82.537714 101.148637 -168.927958 -85.050576 104.237295 -174.072117 1.870046
-7.592691 0.090108 -3.745473 -8.440136 -0.688894 -3.785069 0.626636
-14.282517 -21.072208 17.056956 -14.726039 -21.475214 17.523376 0.728101
19.708198 -52.800226 -13.157668 20.491608 -54.106663 -13.510543 1.470670
35.709621 41.615875 67.124897 36.822942 42.825346 68.903508 1.852736
-30.771710 -4.159985 -55.667097 -31.838541 -4.689099 -57.227632 1.052552
-79.715530 -186.956421 68.705189 -82.131008 -192.704044 70.820831 1.810870
88.284952 10.743595 87.535105 90.956966 11.017719 90.015326 1.510896
-104.130832 -47.650835 74.034047 -107.037985 -49.001566 76.184435 1.633869
-96.070720 -224.930054 -514.314912 -99.033177 -231.812264 -530.341377 0.525559
-41.282491 -44.098628 -31.685010 -41.875424 -43.846671 -32.660780 1.420315
-93.772615 -41.167700 74.660125 -96.458725 -42.455435 76.644223 1.919550
2.110588 -38.129353 -15.029836 1.599332 -37.867460 -14.921104 1.713263
94.058185 73.586654 108.513837 96.814080 75.880341 111.591885 1.195939
-66.093323 -32.663685 83.587663 -68.022842 -33.647841 85.692941 1.665305
54.512100 -119.664008 -0.993173 56.127826 -123.209670 -1.144983 1.940039
60.358376 -42.296162 -1.600002 61.849544 -43.364524 -1.846876 1.627740
-5.785260 -4.215303 87.634600 -5.803590 -4.476301 90.329432 0.844790
79.297516 -159.365082 -120.635518 81.764525 -164.342776 -124.409809 0.678221
16.173917 -38.808953 -34.215761 16.739226 -39.622228 -35.314784 1.985857
38.836544 -42.761957 -26.047838 39.316771 -44.192377 -26.883917 1.092874
-140.434752 -139.573103 -15.519449 -144.738231 -143.854795 -15.990364 0.658155
167.910968 136.354081 16.369202 173.117906 140.563623 16.871849 0.687207
71.454039 -96.250301 -160.093421 73.620522 -99.248633 -165.047599 1.964721
-31.051886 97.386106 136.146561 -32.020381 100.354300 140.233004 1.734902
-81.114185 -156.455968 -3.149856 -83.645639 -161.179570 -3.222543 1.640384
11.348252 -85.801084 91.185599 11.702381 -88.225569 93.789682 1.714621
117.534403 150.785655 43.954668 121.107574 155.338902 45.231098 1.963816
115.482470 8.312158 8.524070 118.721018 8.623431 8.693761 0.736353
-97.607055 125.151128 5.481197 -100.619643 129.050944 5.662466 0.867259
-165.708527 -251.265728 70.300326 -170.604994 -259.003210 72.408422 1.410112
-36.401532 -81.954117 -48.331440 -37.537320 -84.265165 -49.716244 1.029089
-87.433469 69.137977 -115.695578 -89.992667 71.251408 -119.259780 1.890051
-123.360980 34.794674 6.164416 -127.070112 35.736723 6.372678 1.843746
-52.482560 -59.277698 115.377379 -53.976508 -61.092283 118.720716 1.188145
67.589096 56.496038 35.592694 69.791957 58.307601 36.453779 0.516909
66.116400 -4.090885 -43.644981 68.370827 -4.334226 -44.828136 1.970439
163.141381 -89.032656 -122.840137 168.196531 -91.768717 -126.641270 1.002571
295.888373 35.649244 -142.707731 304.896865 36.770304 -147.136607 1.922225
24.734127 -127.126410 138.371375 25.495236 -130.970629 142.468172 1.670948
-18.131482 75.182304 -4.189396 -18.652998 77.476898 -4.350559 1.095342
-53.961290 -19.298791 -108.086219 -55.622006 -19.781741 -111.280364 1.472066
67.518601 46.067496 -48.990584 69.857250 47.540932 -50.504223 1.871733
-205.679272 288.233613 -2.959769 -209.840422 294.367108 -3.485213 1.032098
-24.974007 20.835764 -43.512508 -25.200456 20.444145 -43.649586 1.116084
14.659765 -129.116723 -54.403678 15.089124 -132.887213 -55.991756 1.195274
30.287012 -9.925652 0.593012 29.615642 -11.009468 0.161720 1.483005
27.330921 56.465550 18.889561 28.039494 58.293413 19.736228 1.664900
-18.622679 -54.972560 63.717355 -18.992970 -56.573196 65.412569 1.415511
76.236353 15.206497 67.121164 78.405716 15.844284 69.123497 1.628115
-74.455151 174.526168 -31.329231 -77.221780 179.201781 -32.515053 1.347444
29.758238 -63.644502 58.282312 30.537831 -65.244086 60.008135 0.988880
168.521978 81.504851 -22.245635 173.548806 83.983409 -22.931395 1.852902
-19.398307 -104.228643 26.394933 -19.908506 -107.187592 27.188807 0.710919
-50.662116 48.405828 -52.198583 -52.305595 49.967955 -53.937829 1.704452
-13.944701 2.307184 -34.523377 -13.920767 2.550472 -35.814331 1.251483
0.387646 -138.477228 9.182627 0.385161 -142.672295 9.492631 1.223255
65.176979 -87.934500 18.028803 66.177945 -89.175511 17.225420 1.265387
-28.101251 -29.534270 28.393428 -28.944826 -29.550513 28.274782 1.751512
-134.969596 -7.490136 87.311032 -138.960490 -7.677038 89.792889 1.031031
-44.181030 170.479307 16.151517 -45.592445 175.800541 16.601518 1.244309
-21.753843 -30.627173 63.313379 -22.415392 -31.543340 65.100101 1.172217
-10.986659 132.600084 -49.267781 -11.452438 136.615399 -50.842584 1.434341
86.543021 -78.529789 34.629934 89.243729 -80.978693 35.713396 1.861239
-130.966473 -2.579814 71.706879 -134.853293 -2.724623 73.929212 1.539216
-133.940163 78.600961 -16.835979 -137.997512 81.027416 -17.336886 0.663728
132.714610 120.001297 33.151333 136.779766 123.655432 34.186664 1.684323
-86.728165 134.182027 79.622141 -89.412015 138.197443 82.082579 1.555916
-85.033315 61.658754 -46.577001 -87.602334 63.490020 -47.940712 1.303043
-72.237469 -34.242728 82.828176 -74.249796 -35.594724 85.351180 0.698288
4.927195 -0.260131 109.606749 5.185250 -0.035025 112.740017 1.794553
47.644177 47.983594 53.159393 49.148443 49.319365 54.925014 1.143956
32.279785 24.094758 -2.045084 33.361510 24.688723 -2.818163 1.161823
-59.654298 -93.960834 113.719741 -61.376249 -96.584588 117.042821 1.579673
-2.952083 20.729166 -113.676659 -2.919782 21.238411 -117.135477 1.757809
-136.533042 64.928791 40.656736 -140.769902 66.765732 41.948178 0.614672
-81.132225 41.748303 21.033357 -83.637381 42.965243 21.554927 0.984494
-106.146573 123.548947 54.992302 -109.423348 127.315699 56.601936 1.649686
5.300342 -0.344350 -2.912052 5.073138 -0.199500 -3.629700 1.757366
-15.330742 -26.290272 -1.403470 -15.948175 -26.776426 -1.473393 0.850729
-69.369400 -69.414587 69.059695 -71.537155 -71.648696 71.406202 1.738117
-1.481362 -32.718116 -22.642852 -2.216990 -31.923188 -23.244540 1.288959
-140.796114 -83.578115 190.490892 -145.133819 -86.114417 196.278432 1.601448
-14.057096 99.923103 52.435127 -14.287004 102.950670 53.948878 1.598113
-83.503775 -62.182414 12.459374 -85.850204 -63.899822 12.845833 1.281272
23.083450 28.464117 -16.660092 23.899374 28.005009 -15.915302 1.007040
-24.442456 -167.709730 57.224828 -25.124184 -172.702051 58.921143 1.886661
24.514643 6.376030 29.769157 25.327173 6.729678 30.586110 1.325610
-43.062638 1.227496 -13.420097 -44.096728 1.801578 -14.160173 1.586700
-105.327423 112.435821 -93.589154 -108.579013 115.872154 -96.445225 1.043163
147.681889 111.353429 39.799327 152.015774 114.770178 40.970650 1.504682
-47.977584 -7.815032 16.623629 -49.458548 -8.238200 17.301411 1.350526
-78.094902 -111.044912 -359.654753 -80.725367 -114.522749 -370.893965 0.860153
-26.516337 -6.793120 11.815497 -26.941238 -6.332272 12.400803 0.570491
-92.305758 -51.444580 130.095494 -95.116632 -53.071998 134.031028 1.843638
20.728486 26.788427 50.864047 20.302538 26.892439 51.478724 1.238301
47.438900 -107.763577 12.206332 48.894538 -110.905317 12.628148 1.489088
-38.998225 36.047632 -63.478313 -38.909802 38.739181 -66.273398 1.705394
255.546391 -21.088282 -52.414590 263.481383 -21.530650 -54.089487 1.796125
14.507539 17.851120 77.435494 15.038691 18.460307 79.686765 1.199523
-82.504316 13.491009 6.919863 -84.875507 13.841356 7.382953 1.974701
45.728759 30.257343 -114.854540 47.056934 31.304473 -118.315764 1.200428
32.550161 -63.255102 69.247420 33.759813 -65.089734 71.350180 1.230695
97.807295 -40.307182 119.958464 100.762866 -41.394197 123.550286 0.960026
-118.697293 94.829131 108.873809 -122.416855 97.786241 112.240646 1.356556
110.035968 83.259772 90.015142 113.428519 85.808376 92.695633 1.725369
39.075547 98.559099 137.651079 40.357175 101.526519 141.670001 1.358330
57.879779 178.740723 -26.402418 59.618908 184.263047 -27.216150 1.891343
86.494433 -125.171452 -50.729513 89.170963 -129.169153 -52.262728 0.535719
74.616810 126.476419 -103.164373 76.858067 130.302696 -106.329201 1.444559
161.243573 59.153058 -56.780946 166.028041 60.975121 -58.570510 0.585397
-77.538433 -57.285162 50.176238 -79.609598 -58.844286 51.771175 1.072841
37.981948 -14.484843 -4.619836 39.086279 -14.747795 -5.337756 1.417591
-32.421736 -69.217878 -60.302582 -33.487713 -71.036531 -61.910246 1.243615
107.861333 3.357824 -58.501007 110.968923 3.420712 -60.172060 1.945816
84.742744 -60.167920 -102.766617 87.313353 -61.998147 -105.891268 1.599045
-47.515044 15.834577 13.965456 -48.707240 16.050300 14.533687 1.064330
-51.856205 2.250949 -51.222138 -53.377828 2.356096 -52.570239 0.992574
84.907750 105.433118 -35.492149 87.592188 108.758675 -36.455159 1.550096
116.491726 5.528848 -72.586152 119.979999 5.665158 -74.738392 1.166223
-28.619966 1.213561 177.871373 -29.444612 1.215355 183.203579 1.692267
6.599340 -198.864138 -53.672168 6.825144 -204.917867 -55.348090 1.413604
-62.234691 -44.509652 82.326743 -64.046700 -45.813412 84.622860 1.770528
-68.861224 39.392397 37.550740 -70.797546 40.554558 38.588656 0.768978
41.711917 -136.627323 63.732128 42.944962 -140.640007 65.596177 1.970039
-75.476418 14.700690 18.161395 -77.614111 15.025143 18.568444 0.804809
-42.655911 -87.453777 32.611283 -43.840745 -89.889831 33.578758 0.677212
-106.765700 -36.797639 -151.448811 -110.088010 -37.870752 -156.112795 1.261530
10.117117 11.617919 78.940435 10.588023 12.279757 81.267942 1.491767
-9.025575 -24.535144 147.126618 -9.181175 -25.214100 151.513598 1.934838
144.612880 77.070033 54.876446 149.072516 79.444223 56.496937 1.402029
93.044815 188.672508 9.203686 95.874377 194.432589 9.412808 0.757605
31.730738 -97.627319 -95.053492 32.597110 -100.574463 -98.051345 0.542937
-88.899417 -89.313503 55.256207 -91.529202 -92.010301 57.061342 1.187350
46.950960 95.143853 113.743725 48.357755 98.051512 117.263174 1.538622
729.727152 96.368468 -176.455596 737.774526 96.619435 -178.582799 0.822405
-28.862274 -46.003015 2.100844 -29.963089 -46.970299 2.466087 0.548661
-76.876361 71.638332 86.935158 -78.916690 74.314795 89.605197 0.955481
-45.945112 -82.101838 216.192323 -46.091227 -82.217138 218.225089 1.202575
123.085507 -11.827451 116.007138 126.811546 -12.132625 119.465449 1.062302
-3.085946 49.862716 7.414171 -3.455085 50.166150 6.287897 0.975818
6.958753 -80.880321 -49.931534 7.161447 -83.197720 -51.461101 0.609019
76.918305 -176.844873 -136.441282 79.284927 -182.265711 -140.687110 1.710512
52.452578 -50.386909 69.304361 54.075543 -52.140578 71.445843 1.379530
6.032843 -1.854903 -47.642287 6.526781 -1.979506 -48.824259 1.548325
71.775013 48.483636 -65.449725 72.937580 48.552367 -65.240256 1.040451
39.297247 -29.065461 -125.619408 40.379057 -29.989285 -128.173042 1.831374
14.199635 -28.411275 -27.304763 14.796361 -29.742982 -28.515284 0.994272
-116.629774 -4.399405 3.333315 -119.871177 -4.412348 3.405300 1.878899
98.960659 57.208071 -49.923539 101.784986 58.909038 -51.422800 1.152911
-82.929249 23.316716 -29.543538 -84.299313 23.496482 -30.112613 1.456263
-49.940287 -48.716477 -7.816066 -51.391758 -50.286535 -8.470678 1.130353
-90.197015 -153.202847 -58.715452 -92.937699 -157.804217 -60.617659 1.201395
24.695560 135.655147 -135.149270 25.505529 139.910883 -139.354623 1.825627
-89.557012 -27.699137 -7.383208 -91.994406 -28.461787 -7.693798 1.342167
-45.890207 121.471042 -23.132335 -47.231865 125.071312 -23.807956 0.684479
-31.351584 -103.164338 77.372293 -32.502030 -106.337244 79.672107 1.124856
-32.239475 -166.272806 7.778807 -33.119068 -171.315868 7.935275 1.965043
-30.589458 -57.647337 -47.443800 -31.802543 -59.344337 -48.681047 0.599882
-56.828175 17.830022 -66.387203 -58.362234 18.712428 -68.427486 1.663076
69.913865 28.194271 128.859927 71.794608 28.979016 132.661333 0.817790
-24.442083 -34.673385 -28.926897 -25.389642 -35.531940 -29.481520 0.830749
72.954617 -66.644904 -48.254962 75.042464 -68.472256 -49.677353 0.877591
20.810787 -89.287023 -26.490705 21.442698 -91.730001 -27.217295 0.925598
4.346091 -112.170519 -58.006467 4.571844 -115.354652 -59.711778 1.875170
-31.049851 -15.965540 12.809969 -31.810750 -15.834411 13.837459 1.554823
-31.893545 83.982816 -64.812912 -33.094467 86.430921 -66.663365 1.244430
-11.997290 37.224707 -18.390002 -12.912518 38.192056 -18.366514 0.746339
70.658792 -247.055364 0.462972 73.008525 -254.763599 0.413420 0.934857
57.893808 -9.986489 -20.100511 59.575010 -10.210578 -20.496594 0.528841
-13.490144 -59.755079 -50.001213 -14.186688 -61.279546 -51.308429 0.734751
41.521256 -36.260506 -25.341401 42.983926 -36.322545 -26.045041 1.206639
-76.782353 20.503283 60.866049 -79.070272 20.928802 62.744179 1.882309
-42.556723 -105.800728 23.331347 -43.810185 -108.745476 24.002279 1.548768
-64.599206 -13.743181 -129.206050 -66.668308 -14.129059 -133.083325 1.814278
74.939380 27.750453 -29.928003 77.024453 28.780600 -30.770075 1.888537
35.148783 -8.817925 63.025108 36.014911 -9.078051 64.608517 1.525856
-64.599515 -83.855521 -28.206298 -66.459792 -86.282714 -29.061147 1.874563
-116.819755 8.641872 117.870118 -120.435622 8.888957 121.376676 1.176222
30.230476 96.909600 39.565748 31.067866 99.697753 40.638916 1.839888
100.588673 -109.242640 -50.970512 103.610085 -112.565619 -52.562582 1.826437
82.509524 -51.426213 144.014887 84.991210 -52.879735 148.284061 1.274434
-12.778096 85.160457 -102.454871 -13.093935 87.891805 -105.563793 1.056844
-99.546048 -34.035276 -8.558685 -102.467736 -35.106184 -8.764718 1.935851
61.554976 -22.784713 122.732704 63.341129 -23.532980 126.203407 0.910453
110.738875 -13.564053 147.374389 113.819207 -13.595071 151.577230 1.816828
-103.307092 -72.695377 -74.077805 -106.398786 -74.873862 -76.360484 0.932331
82.447708 57.264442 4.644530 84.886447 58.908386 4.692511 0.945184
65.434222 132.754078 36.578570 67.474848 136.882816 37.737366 1.247373
-65.247903 90.440573 61.014204 -67.090406 93.094446 62.835093 0.978638
-26.915677 -11.212692 -7.359568 -26.719605 -11.081361 -6.999906 1.914133
107.736611 126.672247 67.636728 111.013002 130.507658 69.720812 0.649560
-55.696274 72.165048 12.668434 -57.217969 74.371455 12.996955 1.691496
23.497780 3.357576 -27.669504 24.041079 3.412046 -28.058193 1.556430
-15.254348 5.245478 131.493265 -15.811236 5.299852 135.287937 1.294915
-145.184129 -67.897989 -223.484219 -149.588759 -69.816797 -230.279379 1.226039
-36.555601 -46.114385 117.034940 -37.660600 -47.452461 120.484366 0.536435
41.331113 -106.485317 -120.042405 42.565419 -109.600523 -123.703999 1.473620
-28.950967 67.834342 158.684608 -29.852440 69.900357 163.550409 1.792603
25.781448 34.286499 136.312623 26.615507 35.235365 140.388186 0.511156
86.308647 -103.534814 -81.743355 88.832400 -106.560532 -84.203716 1.329370
24.537075 -49.539297 30.012149 25.358051 -51.445694 30.978347 1.194937
1.173651 -95.413115 -74.160995 1.190498 -98.118206 -76.312576 1.784055
-96.712760 -74.735002 140.054009 -99.655676 -76.928509 144.217372 1.603172
-50.126653 -91.988632 79.574487 -51.714007 -94.632232 81.977316 1.849477
-20.040310 124.375847 -103.685668 -20.536654 128.232091 -106.866615 0.575017
22.358348 -33.700648 50.767283 22.847326 -34.547100 51.944506 1.253187
-0.380607 93.122304 39.079618 -0.331105 95.796197 40.189671 0.936238
-74.597332 112.124356 13.088080 -76.834442 115.459867 13.471749 1.172287
72.237554 -18.657323 89.450671 74.227910 -19.277464 91.907028 0.535818
48.512031 52.709693 36.861810 49.690292 54.245334 37.959318 1.107647
-207.807569 -604.579201 1050.089852 -214.347785 -623.146787 1082.590785 1.048987
56.379878 167.799769 -109.986611 58.162243 173.021376 -113.419353 1.973367
-17.772955 54.598367 48.345208 -18.344069 56.131403 49.872212 1.665708
-39.728341 16.408661 42.546416 -41.113563 16.425822 44.339425 1.721341
-97.263214 88.426255 -33.468081 -100.012236 90.984347 -34.518629 0.733100
127.744388 -78.651762 -105.228095 131.674369 -81.051311 -108.535644 1.963703
73.450160 -3.393753 -42.199278 75.714994 -3.539346 -43.226163 1.275906
0.188005 -133.202683 -117.334750 0.218334 -137.190818 -120.964099 0.776344
-89.414192 -139.435783 65.157775 -92.101506 -143.567213 67.020948 1.251758
110.242144 63.817816 82.102610 113.636506 65.765721 84.565122 0.764799
29.090106 -31.158506 -3.450967 30.078011 -31.686133 -3.215588 1.735061
-128.536681 60.479639 -23.139556 -132.414771 62.278644 -23.803453 0.756745
-72.986352 233.276324 80.324502 -75.001426 240.534395 82.669135 1.320092
44.385349 70.189203 -59.195260 45.708990 72.185467 -60.855124 0.787197
-58.755830 -13.747214 -36.392203 -60.884411 -13.552892 -37.314918 1.189993
-44.674176 18.982129 27.371263 -46.195730 19.510870 27.153683 1.881426
27.451515 59.738941 -19.175003 28.025577 61.623747 -19.484526 1.796913
131.905761 131.818368 -288.682322 135.934835 136.096472 -297.603424 1.196170
-33.269084 114.079450 -20.061727 -34.407578 117.443560 -20.595130 1.554468
-39.342800 -25.238931 -26.968992 -40.394969 -26.268224 -27.750018 1.300887
110.257419 -141.403166 39.597994 113.757057 -145.771085 40.756072 0.637443
5.736152 -105.710007 -10.753359 5.917626 -108.880029 -11.127800 0.683437
13.755903 22.849984 76.222125 14.141290 23.381213 78.271160 1.600501
-35.008643 139.601695 -23.788933 -36.151186 143.572651 -24.446443 1.505174
51.769841 -71.393335 -146.590099 53.385441 -73.533542 -151.094255 1.972290
-24.460482 13.138636 16.029933 -25.184427 13.239697 17.088298 0.612392
-57.127100 6.571481 -30.608369 -59.222745 6.643941 -31.494522 1.933347
-77.299304 74.957806 125.464981 -79.675249 77.270973 129.279126 0.910735
-175.633692 156.012196 61.120604 -181.077620 160.829453 62.981504 1.306467
-56.760727 100.795779 135.531149 -58.485353 103.970201 139.684593 1.716948
69.804534 16.841017 40.458857 71.821480 17.287739 41.604525 1.928742
-27.933941 -12.193500 -5.976599 -28.865350 -12.753238 -6.403962 1.043890
83.082288 -111.202706 158.007093 83.030251 -112.738888 159.065647 0.651080
-9.798322 82.542789 -63.870153 -10.156629 85.029777 -65.712141 0.810264
29.205892 238.161045 -137.316560 30.108008 245.533287 -141.630216 0.995742
-0.131282 8.065765 -19.056018 -0.246382 7.814485 -20.012901 0.636736
78.488017 -98.546585 -27.560712 80.746826 -101.348268 -28.484017 0.531657
98.434294 87.784519 -59.419594 101.519052 90.549884 -61.269013 1.820444
-128.007350 27.711224 -55.410847 -131.863505 28.561554 -57.016339 1.709494
24.330145 33.909887 -106.583023 25.069994 34.847502 -109.873255 0.792547
35.304896 9.587089 39.765087 36.127611 10.350692 40.947566 0.880707
-7.838015 0.355341 102.515436 -7.971502 0.219130 105.394454 1.962288
-14.370136 130.511571 -144.935289 -14.777027 134.470395 -149.416870 1.481090
-119.856370 21.064634 -108.909442 -123.426235 21.717791 -112.168018 0.771308
-153.320545 31.038375 -228.494100 -158.031351 31.981007 -235.602187 0.525548
-36.079943 112.218327 -13.468798 -36.945236 115.727830 -13.757787 1.569410
28.379310 -32.929793 6.534299 29.125077 -34.223371 6.881084 1.370493
-41.953611 27.724843 86.667465 -43.312052 28.667133 89.145357 1.850140
-70.411942 -37.218302 80.824438 -72.689794 -38.456698 83.390357 1.793540
21.265988 73.130729 -104.583875 21.967215 75.417576 -107.755184 1.929051
98.172730 -112.491396 14.360252 101.159809 -115.894431 14.684282 1.151358
-53.600416 -18.354556 -45.165073 -54.050635 -20.365393 -45.623061 1.694526
116.103936 70.312165 -102.555212 119.557905 72.414342 -105.652884 1.364434
-162.034286 -26.453613 2.768294 -162.908243 -25.913213 3.260591 0.966948
-32.834678 11.952628 12.183198 -33.971185 12.171567 13.128090 0.844982
154.891710 52.552469 38.139792 159.629139 54.173815 39.271645 1.353503
-190.225711 -43.415734 -60.662693 -196.009039 -44.733386 -62.479521 1.928784
-2.190928 -37.480153 13.939841 -2.114826 -38.495720 14.148225 1.163409
-58.688588 -54.007255 34.054273 -60.657168 -55.534610 34.990280 1.515691
-45.618887 -68.034512 67.676965 -47.270455 -70.140599 69.876189 0.792015
-232.262058 -8.479866 -21.884618 -239.385751 -8.703133 -22.643150 1.860946
-118.752159 -111.117385 55.622511 -122.251443 -114.384532 57.177634 0.990342
-85.662655 -46.901771 123.267266 -87.604981 -48.674782 124.678306 1.111553
-6.017298 140.069962 -69.047605 -6.248786 144.297035 -71.154140 1.489257
112.627820 -121.754080 -36.478331 116.092973 -125.539661 -37.808666 0.681802
-217.042180 320.873203 32.680919 -223.842097 330.861100 33.597990 1.779560
42.562841 -56.881122 76.625938 44.037466 -58.643991 79.010342 1.363500
-13.692620 -24.483234 2.968776 -14.401194 -24.872279 3.543453 0.907504
-181.649063 -234.670353 86.965574 -183.263729 -237.628835 88.671047 1.072156
-28.185814 -16.690830 -6.842191 -29.163804 -16.931956 -7.660241 0.880014
-25.742618 -10.347354 29.495271 -26.578136 -10.644025 30.052316 1.267863
-138.503849 -54.935177 64.349464 -142.626349 -56.531534 66.357851 0.827100
-30.447923 98.210589 41.437334 -31.271008 101.003612 42.521294 1.737218
12.479383 3.623801 60.648527 12.881337 3.737169 62.179455 1.901264
29.637921 -43.780848 -32.805125 31.107448 -44.333495 -33.409153 0.621872
119.290923 80.349890 -108.833138 122.873343 82.771695 -112.242988 1.628729
-66.610513 -61.476034 -21.873419 -68.660548 -63.403675 -22.705766 1.257539
109.581225 13.436044 126.233545 112.941336 13.842355 129.946343 0.563835
-76.910704 81.561262 -58.780136 -79.336923 84.143077 -60.702796 1.543542
45.495132 90.752142 -130.229381 46.868811 93.587265 -134.233709 0.823466
-10.740171 15.972767 -66.365198 -11.070842 16.186615 -68.546091 0.881831
39.496312 -188.812241 -87.503469 40.688180 -194.565368 -90.248725 1.214820
-128.164913 -87.624721 -34.750660 -131.957180 -90.297959 -35.864082 0.817062
-95.022532 35.720987 33.499397 -97.741884 36.828307 34.652342 0.572137
96.802184 85.279227 78.498235 99.769415 87.932976 80.871165 1.640601
-40.232154 -38.140992 46.575431 -41.291606 -39.368492 47.776285 1.068029
-56.796309 20.186872 4.353668 -58.287823 20.766699 4.391130 1.106401
57.314520 -7.012935 136.538099 58.945707 -7.243820 140.504556 0.974449
143.163784 -51.809288 30.376847 147.353641 -53.307171 31.176765 0.527765
165.757612 3.690486 69.005672 170.722515 3.864465 70.964810 0.545519
-52.385379 -39.564244 -44.583888 -54.045077 -41.122998 -45.962787 1.988898
118.497528 -122.305329 -89.100935 122.148027 -126.094347 -91.882775 0.932462
-149.295592 113.310032 51.325175 -153.889222 116.795920 52.856343 0.989241
102.297439 -35.488592 -26.957601 105.324917 -36.419347 -27.856254 1.000025
-68.649067 25.514390 -89.933768 -70.714904 26.181240 -92.646037 0.642703
17.807834 -99.299867 -6.230596 18.364794 -102.102742 -6.507378 1.378705
-130.231445 3.355246 19.796263 -134.045431 3.359620 20.278185 1.114909
-11.276578 -70.953192 -96.203055 -11.781017 -73.002947 -99.103304 0.979358
83.618777 -63.194566 -95.195952 86.209524 -65.081470 -98.410765 0.943539
80.233631 10.535155 -217.345563 82.715110 10.867488 -224.038170 1.805513
-46.065394 -107.045929 61.354273 -47.461278 -110.089496 63.195590 0.940044
-2.764040 -29.067968 -34.911894 -2.869681 -29.562327 -35.552294 1.074702
44.942184 -6.841601 10.955995 46.227513 -7.153241 11.489836 0.676860
-175.664933 36.360672 58.369923 -181.077836 37.521230 60.091720 1.793812
-46.309052 1.592374 -15.042642 -47.453255 0.942225 -15.197211 1.194178
20.617106 1.257167 16.098104 21.635097 1.136147 16.290565 1.086045
-28.295456 -106.649567 44.713247 -29.246158 -109.637828 46.022532 1.785817
106.938935 4.480157 42.125702 110.029818 4.658795 43.462446 0.637715
95.564410 85.172142 109.799457 98.496958 87.776011 113.107396 0.857169
67.260842 189.893244 -59.798847 69.313450 195.742696 -61.616349 0.687985
-184.377522 -60.431738 -13.132644 -189.992785 -62.177870 -13.517653 1.305512
77.830673 85.185413 111.281918 80.264158 87.730728 114.593934 0.929574
-78.332404 -116.262725 -114.781563 -80.668500 -119.711210 -118.280106 1.989796
-27.875270 -38.937166 1.417940 -28.485053 -40.107930 1.517644 1.967024
48.154586 -4.580372 83.927005 49.571681 -4.738412 86.139496 1.192630
71.781638 110.580356 70.502550 73.997565 113.955276 72.654639 1.203988
1.425861 121.071843 58.102478 1.421713 124.527321 59.854778 1.001455
132.259247 41.269275 -31.285336 136.183469 42.391644 -32.219698 0.941135
-821.005874 -31.615012 478.925588 -846.276593 -32.478981 493.618110 1.060599
-8.800007 -70.024611 88.964759 -9.397114 -72.139860 91.718585 1.346610
-465.911223 951.901835 621.285235 -480.385661 981.498919 640.382956 0.782402
81.868399 -55.440302 -35.440731 84.218691 -57.210953 -36.552936 0.725561
63.974874 30.127107 28.721512 65.679519 31.055396 29.549808 0.571223
59.127495 -65.110114 -75.583443 60.814819 -67.323275 -77.855351 0.916831
74.906179 113.620163 -25.699215 77.242238 117.162605 -26.301699 1.716387
2.338302 -18.620638 -22.075263 2.356472 -18.987322 -22.317536 1.697418
-37.100442 42.508278 -46.271452 -38.328569 43.908237 -47.676064 1.596531
44.817653 48.954119 41.350601 46.567064 50.559696 42.448943 1.269545
93.322698 -106.663244 -132.229811 96.169723 -109.913020 -136.419266 1.461304
-85.601442 106.805581 -73.408565 -88.257112 110.078700 -75.730794 1.807725
-375.308835 -200.609670 -406.888769 -386.932867 -206.746508 -419.614131 1.794475
68.464639 -20.306616 -5.885443 70.200354 -20.631791 -5.927475 1.432258
74.780274 -91.532398 -33.417609 77.228927 -94.351114 -34.626533 1.287472
-84.967236 -379.152886 -103.114403 -87.079617 -387.164448 -105.371868 1.938408
-53.681871 -5.458681 -31.886381 -55.357077 -5.987572 -33.020594 0.802868
-17.036707 80.219419 -199.818989 -17.501824 82.675092 -206.029457 1.159510
-54.930044 -56.241820 51.448657 -56.516701 -58.190138 53.015881 1.292984
-1.897307 -26.916035 -3.440318 -1.526754 -26.799611 -2.821109 1.948643
-35.801271 25.151413 -32.617097 -37.389906 26.208659 -33.451757 1.682329
-84.583094 30.868888 -3.583558 -87.159772 31.510820 -3.850858 1.958471
44.840214 57.159472 39.565526 46.338817 58.997277 40.937702 1.794620
-103.012093 -30.832260 -84.844367 -105.474603 -33.621164 -88.953952 1.128393
14.138161 23.681901 30.335807 13.610086 23.949432 30.388392 1.862072
42.760032 63.557474 -7.938743 43.990113 65.426398 -7.843227 1.915116
28.624526 -29.971549 30.121685 29.786309 -31.387202 30.995083 1.901609
-102.652681 74.420200 -149.946489 -105.783919 76.736422 -154.551046 0.825728
-73.568363 -13.034705 28.922137 -74.305373 -12.780691 29.352893 1.991532
96.070404 54.901583 -63.306806 98.782804 56.410494 -65.324012 0.927178
-14.025280 -20.200796 1.149563 -14.591670 -20.852824 0.412492 1.321451
76.261656 122.019386 96.845912 78.517635 125.638345 99.567515 1.004764
-98.076928 31.233022 -68.321327 -100.919290 32.139759 -70.341362 1.880627
-9.171355 -76.383634 93.938294 -9.435475 -78.508917 96.551345 0.836296
-36.727286 -73.231810 -135.729540 -37.811097 -75.429282 -139.779059 0.740743
-9.000730 -135.199566 48.468279 -9.295204 -139.115206 49.824080 1.579289
56.998156 -16.601182 -143.122737 58.313661 -16.983023 -144.153340 1.262233
118.695788 91.544002 54.795403 122.311813 94.450793 56.506585 1.707340
-127.020091 -52.680879 31.377311 -130.759710 -54.247083 32.245236 1.825671
-114.001849 -20.957786 -88.885013 -117.256469 -21.623731 -91.545127 0.706233
49.986993 -131.615391 75.652388 51.398236 -135.435796 77.835982 1.552207
116.098445 -28.646961 -56.659695 119.634260 -29.495555 -58.250148 0.782007
43.167461 -27.581774 -19.700484 44.223177 -28.503971 -20.590629 1.367392
-105.797593 -101.594328 19.719482 -108.982305 -104.703481 20.419779 0.981330
42.412216 -32.016239 -5.037754 43.531661 -32.921750 -5.209728 0.867212
176.622214 98.924285 65.873520 181.996081 101.968270 67.864625 1.806819
77.236956 -60.743807 -56.992922 79.678932 -62.680903 -58.725960 1.127322
101.369314 73.458283 -90.644705 104.608015 75.763677 -93.541453 1.276806
27.089806 -80.098361 167.158438 27.889765 -82.384629 172.122163 1.683195
-35.871733 -0.255819 6.388650 -36.545647 -0.946206 5.988866 0.973517
-54.483600 92.353073 -114.268780 -56.225833 95.128467 -117.703401 1.528253
-29.715889 44.115167 -18.535052 -30.719443 45.192502 -19.110725 1.741415
70.751926 89.673166 138.315692 72.804437 92.506954 142.582612 0.522730
-63.985529 -26.999546 -63.042895 -66.002197 -27.806488 -64.980078 1.109897
59.952126 -18.919765 -167.584125 61.754224 -19.476928 -172.710696 1.523872
-139.159554 -18.708509 -172.058331 -143.405247 -19.308209 -177.378258 1.485649
118.447923 78.469649 53.624091 122.196789 80.874264 55.171524 0.545901
-19.681671 -46.725572 -21.822612 -20.303653 -46.197199 -22.282771 1.757523
-32.475438 26.569344 -37.360184 -32.846819 27.741251 -38.239511 1.007729
72.875638 9.469446 -87.197838 75.110973 9.732617 -89.673335 1.256327
53.935309 -53.501376 -31.931534 55.710432 -55.248324 -32.555146 1.221089
103.921846 -9.019696 116.911051 107.049643 -9.208013 120.419355 1.418676
120.940002 28.788218 76.225705 124.505314 29.558472 78.573662 1.976158
-75.411013 21.416798 -34.194843 -77.575649 21.836121 -35.224493 0.961801
81.047868 17.634509 -19.265139 83.229146 18.094478 -19.987079 1.336214
10.480735 32.526880 -27.504726 10.275141 33.886179 -27.686718 0.876398
45.258749 -205.907892 15.744442 46.649618 -212.181120 16.118793 1.530380
3.792104 -70.765048 79.355588 3.941099 -72.367028 80.123876 0.522713
-84.750567 -79.780074 65.683829 -87.213004 -81.655305 68.250577 1.916180
62.388848 -88.273528 6.944491 64.123265 -90.814143 7.091821 1.951679
61.378466 80.194378 0.763266 63.213074 82.578678 0.982856 1.469980
11.326557 -27.960016 -26.923641 11.469901 -27.841225 -27.519585 1.994462
-25.213973 73.640075 -269.589623 -26.009211 75.935625 -277.968809 1.913710
5.820075 31.978005 76.231629 5.901507 32.574472 77.325755 1.927555
24.894887 -149.036182 8.490578 24.376143 -149.655175 9.456946 0.500274
-26.135944 77.551985 -48.130955 -26.953390 79.685514 -49.414466 1.732103
36.738829 129.471531 -7.961057 37.837856 133.365860 -8.026172 1.733792
51.716748 50.958821 -18.114609 53.492630 52.340131 -18.711760 1.445031
-90.560079 98.388961 51.695896 -93.304301 101.422550 53.364510 1.998815
33.296269 9.388099 -4.309330 34.396772 9.402726 -4.562482 1.120116
-10.286980 24.476526 2.425999 -9.155197 24.542165 3.067685 0.554731
-76.372074 -61.954737 -75.082748 -78.711598 -63.898335 -77.459300 1.196165
-7.037687 -53.986970 65.375152 -7.330220 -55.289883 67.236012 1.785578
-16.804278 39.604276 -10.379518 -17.476536 39.423677 -11.600711 0.958480
42.707654 -181.171280 -160.310397 42.241323 -183.725303 -161.698265 1.091218
43.259820 -112.412188 -160.478327 44.621349 -115.889809 -165.482120 1.785104
-55.333921 114.776104 -158.169474 -57.029894 118.301715 -163.119382 0.747614
-144.976110 172.406792 32.818595 -149.421435 177.692247 33.807422 1.389648
12.241278 -130.403520 83.126725 12.639249 -134.270976 85.619234 0.871528
155.643873 38.691807 -38.578813 160.362813 39.861771 -39.865442 0.581110
118.186691 -99.964656 19.661869 121.763786 -102.949927 20.292772 1.873085
110.743141 258.070654 10.641966 114.122868 266.035484 10.923986 1.156134
167.231578 -146.480979 -39.882894 172.413420 -150.995236 -41.178637 1.241535
49.407433 156.805966 193.114282 50.857378 161.639502 198.953332 1.843988
78.521485 -67.711253 -43.588839 80.908970 -69.617987 -45.249995 0.731932
0.453397 34.758835 -11.113160 0.467823 34.587152 -11.314740 1.921598
-87.687974 6.943824 -90.793938 -90.211113 7.174381 -93.378368 1.935896
8.837474 -36.980886 60.027307 9.123314 -38.032843 62.124398 1.924912
192.413459 -62.237617 -66.874366 198.265013 -64.107867 -68.984373 0.583877
58.033608 102.934012 144.264473 59.844542 106.096112 148.641042 0.500446
48.620492 5.674872 1.318797 50.057805 5.685990 1.277062 0.560458
88.448556 -53.427441 -120.040638 91.090356 -55.066848 -123.695663 1.552484
-17.915521 190.926323 -48.876909 -18.446291 196.688480 -50.388208 1.256777
11.224596 4.308700 103.905688 11.440787 4.408349 106.782846 1.726305
-245.366120 19.182515 -23.510793 -248.468924 18.464413 -23.635672 0.843127
73.274350 80.239500 -4.850563 75.374832 82.644730 -5.091714 1.042415
44.303906 145.826905 -54.880631 45.600117 150.410861 -56.546705 0.960021
-11.895112 46.884258 58.921003 -12.415658 48.539022 60.313424 0.988487
13.809607 -41.111472 28.648171 14.353612 -42.026241 29.770547 0.676690
-108.937364 -110.565613 37.114929 -112.215093 -113.755631 38.319730 1.615349
95.428586 50.449309 37.561865 96.073290 50.430912 37.779462 1.318516
-174.071859 68.596486 37.474163 -179.381682 70.687241 38.651369 0.572906
-168.203571 892.346180 -799.387572 -173.518979 920.066820 -824.076783 1.147108
-2.824438 23.580522 4.764827 -2.710506 22.767982 3.851859 1.048167
-90.944833 -10.790641 16.862390 -93.561029 -11.130853 17.256383 0.670715
-98.647238 140.259535 -21.604475 -101.639084 144.693910 -22.253924 1.750812
-24.735521 -17.725183 46.833227 -25.439896 -17.486893 45.828641 1.972021
-1.569852 171.164854 21.264388 -1.467777 176.277473 21.900378 1.639827
56.977808 76.514590 -31.325753 58.832579 78.996251 -32.372973 1.483589
-96.873873 -27.682461 -37.294015 -99.690675 -28.462086 -38.458238 1.604758
39.083470 -51.815671 56.676921 40.439726 -53.496832 58.511561 1.864434
-54.045079 11.603309 -34.648877 -55.804258 11.852830 -35.466683 0.626330
54.327897 -41.991881 -153.953752 55.956601 -43.356671 -158.787968 0.876530
29.665735 -42.416914 -33.670666 30.270107 -43.092820 -35.040070 1.651675
79.196497 -24.998588 -49.134717 81.602121 -25.842587 -50.523141 0.508621
143.459607 58.151056 59.760432 146.357216 59.708948 60.445088 0.811483
161.417489 -136.260153 -1.900317 166.459804 -140.383942 -1.987874 1.089686
-144.961752 333.384448 146.978923 -149.557014 343.807197 151.465129 0.865100
146.383713 -1.502111 -90.271001 150.758079 -1.520568 -93.022155 1.139491
80.600839 -84.650564 77.782198 83.389926 -87.512987 81.077593 0.844086
-4.416291 12.104783 18.485658 -4.500449 12.928647 18.713131 0.747528
158.037506 125.510463 -172.853756 162.842350 129.372608 -178.242187 1.751304
80.561841 -76.423036 -63.336496 82.941636 -78.852436 -65.127245 0.870460
-97.565605 -16.298296 -136.437260 -100.542566 -16.703529 -140.554988 1.596105
39.121044 -19.170225 10.937753 39.749637 -20.121411 11.535131 1.171419
77.906406 140.378885 11.205938 80.193247 144.685778 11.537599 1.886129
-181.564120 -91.503079 20.479754 -187.145512 -94.265868 21.066070 0.624445
-12.350372 -20.862906 -104.930216 -12.869165 -21.532536 -108.095508 0.580952
-8.104499 81.512540 -22.765282 -8.127804 83.905122 -23.349010 1.909325
-70.770718 63.576801 -88.311082 -72.968739 65.400162 -90.832965 1.514889
-7.857651 -4.753982 -1.938696 -6.543787 -5.561169 -2.402508 1.609839
25.463332 2.222166 84.775479 26.129555 2.268981 86.967321 0.537044
-1.083592 69.594829 -4.635463 -1.620481 69.353437 -5.163521 1.375422
-94.830120 -4.556528 118.589858 -97.633264 -4.632975 121.968800 1.733156
86.052885 83.130565 27.120682 88.543832 85.670176 28.069198 0.941302
-60.078526 -15.329898 -66.429632 -62.036341 -15.690189 -68.153068 1.164800
196.556692 -56.501760 138.155773 202.649990 -58.262853 142.338033 1.749551
157.032482 -91.824642 3.438707 160.419054 -94.054944 3.492826 0.697596
71.218516 -84.120084 43.445887 73.346175 -86.556127 44.765936 1.083816
1.013223 -163.789367 -138.604477 1.118195 -168.847117 -142.949500 1.952377
103.963378 -88.243299 65.909554 107.188610 -90.949337 67.846891 1.069652
183.181451 -17.294415 -91.632082 188.884896 -17.841720 -94.399291 1.282070
275.169052 343.173903 -71.585879 283.667016 353.868848 -73.885045 1.563638
48.809891 -19.149336 -61.761328 49.636106 -18.954171 -61.390091 0.969139
-116.715944 -106.624852 -30.040577 -120.285021 -109.783846 -30.998287 0.596422
-133.521753 66.219795 61.544349 -137.501997 68.223439 63.391549 1.620702
13.913526 7.122631 39.147721 15.415750 6.878106 39.423821 1.885744
43.776521 169.698905 107.199649 45.048562 174.850244 110.363258 0.969446
24.851109 95.187572 47.247060 25.635707 97.954466 48.563344 0.668462
72.245327 149.368298 150.097541 74.461964 153.957333 154.618159 1.591198
-35.179872 12.222218 8.627256 -35.813014 10.704700 8.122615 0.640300
-84.879582 3.442105 38.221249 -87.363326 3.623351 39.393784 1.473645
28.855079 99.007372 2.813222 29.676868 101.708920 2.897419 1.155056
-12.561653 31.573565 -43.623447 -13.367379 32.238682 -44.952726 0.865125
-69.604423 87.282438 -29.168784 -71.746933 89.863224 -30.064141 1.065709
-47.076827 -11.521496 -54.911096 -48.502656 -11.717595 -56.561088 0.619866
155.509103 81.456199 89.044319 160.114771 83.956013 91.651470 0.831560
71.677683 47.143803 -44.840566 73.698577 48.421955 -46.258387 1.427190
60.889910 -63.829978 -60.193457 62.886612 -65.883604 -62.131800 0.609351
-172.047040 11.454943 -157.759447 -177.339645 11.727597 -162.689157 0.905029
-1.343003 -57.379747 -13.964279 -1.582002 -58.875042 -14.249509 0.587354
-39.162445 36.043957 -63.517824 -41.449878 35.465277 -64.316149 1.492279
53.300388 -88.646450 -40.663197 54.836074 -91.052998 -41.824906 1.474613
66.709339 181.963886 -42.819123 68.723590 187.415061 -44.189299 1.292294
32.505309 67.599829 -72.851500 33.406117 69.479549 -74.878914 1.348020
-39.995941 34.573326 43.679383 -41.268021 35.280736 44.581313 1.522087
4.673558 74.750594 -154.726237 4.829167 77.064697 -159.283776 1.219502
91.163979 -104.345483 75.715151 93.761499 -107.347148 77.906895 1.686001
-41.857529 -171.340267 104.596383 -43.102114 -176.564621 107.755133 1.382341
-29.226668 -1.639339 20.261131 -29.846438 -1.766020 21.034420 1.305047
23.079542 -23.946375 158.911178 23.699253 -24.600743 163.620608 1.777661
-123.239276 8.255043 -45.402279 -126.876768 8.581145 -46.659382 1.638994
-126.618092 121.756370 59.623760 -130.455052 125.585897 61.473316 1.519172
-69.156762 31.421241 87.045317 -71.078154 32.339374 89.436352 1.315744
-81.700408 130.397283 175.595357 -84.245325 134.432510 180.904468 1.714780
-59.273029 -59.576243 -48.654170 -61.101105 -61.535890 -50.120792 1.094820
-155.624694 47.662550 275.839609 -158.299321 48.182061 281.708384 1.140133
8.672561 -22.898455 -44.144575 9.241098 -23.569303 -45.521088 1.332940
-57.128712 -7.996585 -32.888535 -58.764794 -8.317358 -33.905479 1.862526
120.245461 36.731149 -31.264002 123.855521 37.694822 -32.249305 1.490868
-94.679171 -41.462864 -14.575753 -97.546259 -42.506411 -15.010110 1.619073
81.588990 -70.834496 -52.236046 83.892179 -72.928722 -53.736865 0.641348
-71.758306 -76.069571 -14.950016 -73.913744 -78.144447 -15.379229 0.819306
-57.647165 -92.070286 34.513255 -59.283999 -94.587791 35.476435 0.619018
29.481130 2.499456 -16.754673 30.225063 2.383699 -17.068636 1.967870
-27.063440 -0.494956 3.728429 -27.983336 -1.430326 5.377020 1.645011
-98.693016 86.989497 -180.201080 -101.706363 89.668455 -185.850703 0.657327
6.294251 85.101029 -97.661753 6.479505 87.617249 -100.633919 1.450968
-180.517678 -97.061661 -109.913986 -186.084393 -100.044973 -113.322655 0.808635
50.793037 -95.032284 101.133755 52.458453 -97.930999 104.177393 1.049842
-264.309847 6.212299 -65.314778 -272.303867 6.528202 -67.392997 1.018478
-36.478921 -94.769341 73.820880 -37.774761 -97.662768 76.035777 1.296300
-31.434244 -31.184440 4.974037 -31.843440 -32.982227 5.155445 1.472479
-43.488818 -75.005135 97.099939 -44.995294 -77.322348 100.012228 0.967071
-281.024243 -682.309138 -58.639975 -283.912586 -688.344661 -59.296606 0.634694
-40.796666 27.285429 42.963146 -42.579463 26.440849 44.419579 1.411810
-15.606295 131.891921 -60.649777 -16.038546 135.680618 -62.627525 1.372070
112.243547 -34.571194 29.093787 115.472200 -35.558958 30.027399 0.632278
-14.690013 -2.270482 -35.565918 -14.771218 -3.077767 -35.751851 0.860646
-52.551688 0.120425 129.705985 -54.251492 0.154919 133.420243 1.671359
17.960769 52.375482 23.345412 17.973975 54.111041 24.013155 1.349093
25.599045 39.200588 -14.123582 25.816933 40.458232 -14.872855 1.868242
-75.148773 -3.950799 25.024503 -77.494211 -3.797668 25.765448 1.200905
-209.784852 -38.170071 46.859503 -216.175576 -39.259292 48.232132 1.162015
40.318013 2.073687 -27.622273 42.072348 2.206648 -28.326720 0.883204
1.706390 -26.422901 -7.042799 0.568182 -26.139504 -7.676255 1.538996
66.918045 46.129517 -34.769608 69.034611 47.505388 -35.583617 0.916480
15.464779 -14.115267 -20.151669 16.173658 -14.631684 -20.438297 0.558971
-75.958601 -136.081342 -141.129710 -78.229176 -140.244066 -145.536122 0.737531
159.252362 0.665783 100.466632 164.072067 0.660827 103.432899 1.305946
2.888974 -83.386305 10.095871 3.258553 -85.854874 10.194312 1.067309
136.263426 3.221588 130.422275 140.298143 3.357502 134.232482 0.670608
670.525449 142.521525 -471.839400 691.361615 147.039859 -486.536981 1.628413
11.800247 -13.740307 2.228720 11.559140 -14.000540 3.414597 1.250718
21.126119 39.899969 30.001730 21.697619 41.354705 30.279901 0.708667
17.685594 95.084182 33.405019 18.382548 97.921530 34.344406 1.257260
8.270347 -153.373370 -322.124856 7.645992 -155.666794 -324.724923 1.496790
32.617944 -578.749637 -406.204177 32.446553 -585.347980 -410.845207 1.152683
36.465401 94.776848 80.410172 37.546521 97.518383 82.664880 1.558730
-53.900862 -50.392675 55.657787 -55.732030 -52.102924 57.414397 1.388296
104.834376 -21.507123 132.787202 107.886484 -22.185914 136.792516 1.600793
45.574923 -51.465790 77.832381 46.942957 -53.106481 79.889813 0.647900
40.643849 17.216925 -47.521817 41.382539 17.837722 -47.836952 0.734511
47.851390 -12.673891 10.691199 49.141734 -13.046314 10.722191 1.939636
90.090314 -141.758519 -12.179625 92.799178 -146.061958 -12.720014 1.354835
-85.145043 -62.980277 85.537385 -86.457695 -64.162029 87.469996 1.582849
77.483349 58.205052 -68.275295 79.855922 59.854193 -70.263315 1.906649
-11.406716 4.325614 99.282878 -11.520588 4.351933 102.189972 1.317066
-36.155710 -10.277638 -1.491304 -37.259609 -10.729509 -1.469775 1.171798
33.754138 70.012579 49.881684 34.767615 72.047830 51.563591 1.961162
-70.030773 78.200464 -109.002286 -72.214057 80.646378 -112.377541 1.870791
-25.815548 39.237532 -49.128813 -26.154607 40.602638 -50.629858 1.716390
17.594393 18.330017 -148.073782 18.090257 18.904651 -152.570429 1.664138
-40.546108 -32.665754 -35.500179 -41.869662 -33.550593 -36.886208 1.023807
-117.074993 -77.745212 -1.699684 -120.492316 -79.964695 -1.827521 0.810834
-53.187505 -43.092514 -40.856441 -54.368438 -44.486089 -42.089034 0.939772
-77.439361 -96.283788 54.726092 -79.833515 -99.123501 56.506769 1.159477
118.125945 41.365994 -110.146468 121.820007 42.606196 -113.601247 1.875722
44.342058 -384.895502 202.321422 45.894493 -396.748589 208.576480 1.600041
-1.176210 -28.204208 -5.176469 -1.174763 -28.120777 -5.685279 1.588711
73.791777 -90.398211 -73.590255 76.161726 -93.087599 -75.798445 1.492622
32.135405 44.490365 81.608244 33.051866 45.785330 83.802621 1.810855
-61.819576 -87.449292 84.335987 -63.747593 -90.024728 86.856166 1.002674
-43.643078 89.434386 83.562968 -45.068153 92.239979 86.104532 0.934651
96.979617 -20.039911 0.852101 99.568227 -20.539751 0.763362 1.351003
52.570608 -100.871332 5.700443 54.210627 -103.802737 5.765724 1.838587
-68.873465 -55.561116 -52.761206 -71.078344 -57.209331 -54.325924 1.050771
-26.711577 55.765554 -93.336980 -27.702738 57.200779 -95.800225 1.186596
15.721843 -14.593974 78.856199 16.190957 -14.883168 81.082133 1.395807
-37.032434 54.700370 206.958246 -38.150027 56.439073 213.216131 1.870230
-68.266817 -55.265057 -58.220488 -70.579377 -56.949244 -59.976171 0.714490
-115.819607 -70.418217 22.761648 -116.619928 -71.395191 23.493267 0.976808
-332.715287 -71.206964 -7.066277 -339.842027 -72.167952 -7.415915 0.689111
51.308656 -23.905157 -3.257276 51.573928 -25.436313 -3.144694 0.635373
-1.932911 -11.053444 -3.196723 -0.879959 -11.928459 -4.460945 1.535811
-11.001054 183.411291 45.635805 -11.383119 188.993513 46.970043 1.641109
6.204407 6.306995 -36.944756 6.024112 5.921685 -37.782135 1.720002
148.511042 172.221786 98.308488 153.222030 177.434885 101.337209 0.692117
114.118640 -16.119278 -43.211270 117.501054 -16.556010 -44.522549 1.281522
31.493136 -28.481151 75.408889 32.432998 -29.370150 77.551945 1.143835
56.735952 69.497494 100.068430 57.712647 70.479781 102.260410 1.406585
79.815013 -37.625412 -38.965753 82.040386 -38.722756 -40.036339 1.584290
61.620973 116.794236 1.162343 63.388313 120.153360 1.217443 1.788412
145.620293 -32.331585 48.554309 149.830999 -33.244046 49.967440 1.289384
-76.928968 -86.075495 -246.115758 -79.295865 -88.648500 -253.753412 1.249162
-32.390823 -41.984119 -24.980109 -33.257231 -43.568918 -25.745484 1.189327
23.749719 33.412823 -44.357633 24.486320 34.435190 -45.536206 1.581405
117.946957 108.371568 78.182107 121.556464 111.648466 80.626715 0.934552
54.664183 22.903125 94.375271 56.298191 23.734308 97.313197 0.552409
-27.026841 -27.117802 0.940566 -27.758429 -28.529579 0.671002 1.142970
-122.131028 109.938648 96.604835 -125.918881 113.434110 99.627548 0.910850
-35.301629 7.210616 20.391261 -36.146499 7.411047 21.104058 1.007184
-44.521682 -70.994644 -25.395828 -45.858786 -72.891381 -26.087712 1.947781
-39.063588 166.762097 53.765715 -40.247537 171.714167 55.370848 1.274223
-126.493890 -19.750961 23.847859 -130.182660 -20.302596 24.682830 0.890186
-62.154235 -79.434696 -185.072923 -64.076163 -81.843452 -190.748438 1.410134
-179.381037 65.856977 -22.089830 -184.828695 67.867898 -22.831252 0.690122
69.559371 -37.709199 -101.553134 71.749560 -38.842080 -104.765279 0.774046
477.123760 -664.014684 -934.893638 491.810198 -684.385334 -963.916491 0.726642
7.197658 69.201020 -108.444876 7.401825 71.443213 -111.644040 0.819783
107.486084 -81.900886 -25.251438 110.743699 -84.319840 -25.985277 0.635895
-44.030890 -87.303467 78.192595 -45.711333 -90.048681 80.643919 1.860517
68.422988 55.165763 73.975191 70.568312 57.032970 76.319434 0.884791
-73.190083 175.831730 -30.769156 -74.783592 181.924830 -31.552397 1.098265
71.817423 -82.465805 -111.787228 74.020835 -84.956891 -115.227830 1.090930
-16.401436 128.829020 -64.886282 -16.950721 132.750047 -66.790123 1.442093
-97.653343 -43.083765 -51.562237 -100.599706 -44.537349 -52.945651 1.939846
-16.041100 -22.954407 -2.209529 -16.984763 -23.601695 -2.867515 1.737821
-66.637590 -69.535106 63.834015 -68.946678 -71.790850 66.118166 1.112557
82.268980 -30.760295 -52.815351 84.867735 -31.497823 -54.382994 1.000639
-7.056417 35.333461 -14.914566 -6.912659 35.761356 -16.217361 0.890001
-21.117870 -38.060186 -94.258938 -21.534875 -37.567047 -95.161910 0.580997
144.378623 24.269449 -2.615526 148.758405 24.963371 -2.708974 1.404468
-71.520098 -107.710726 -28.766872 -74.266495 -111.249413 -29.563823 1.988630
-10.211965 -7.662574 -29.791875 -11.090490 -7.892663 -29.558669 1.249416
437.062904 -260.349589 115.654643 450.671901 -268.304432 119.222269 1.171327
-109.569945 17.017990 -61.319274 -112.840307 17.648502 -63.140869 0.852188
-22.856345 37.468734 66.865761 -23.355426 38.670639 68.675420 1.522650
140.299665 -7.906832 -26.401573 144.494947 -8.168548 -27.236321 1.796117
39.898914 38.097643 68.562211 40.798829 39.267478 70.439843 1.439002
152.555360 -83.140866 10.396861 157.082788 -85.645291 10.680421 1.738823
-17.000123 38.679115 38.398439 -17.491732 40.185817 39.592233 1.414468
-54.704483 -2.154039 -43.535240 -55.463027 -3.174733 -43.589037 1.871192
-50.802419 -46.350532 36.501334 -52.590496 -48.000339 37.886729 1.972414
-224.882736 46.339837 -37.265785 -231.706676 47.794246 -38.419934 0.722031
76.628615 94.453297 61.255350 78.936697 97.227864 63.187245 1.101033
142.431223 36.725200 93.302854 146.780421 37.750826 96.127209 1.882977
1.919286 8.368322 0.333066 1.793757 8.673793 1.463968 1.543270
-206.511469 60.473958 -186.838930 -212.886960 62.221540 -192.727095 1.725365
-177.104108 -50.139766 -186.564612 -182.520724 -51.650653 -192.322769 1.458679
121.206228 29.596127 -32.237043 124.832489 30.647491 -33.156253 1.969020
108.451149 -167.776403 25.078786 111.755277 -172.859321 25.822569 1.199183
3.710497 -2.927768 30.918081 4.303574 -3.564481 31.935039 0.793101
0.910843 -102.098600 69.106668 0.831162 -104.962522 71.081288 1.539134
-143.702455 10.605204 -24.566840 -147.875484 10.955580 -25.367863 1.459227
61.145315 13.770686 69.412698 62.743911 14.218199 71.454616 0.721620
-17.671099 19.018857 26.136111 -18.392152 20.009212 26.648752 1.471281
70.023672 -86.382842 -54.360932 72.225012 -89.043211 -56.234322 1.157946
-57.279193 -198.904031 -115.979987 -59.059261 -205.011579 -119.594353 0.666733
-101.566032 -88.643508 59.040193 -104.567625 -91.173112 60.821402 1.072757
-23.380614 39.148248 -34.712696 -23.685252 40.856646 -35.916436 0.665372
185.445378 -131.481875 -83.582516 191.197549 -135.537609 -86.227858 0.799049
24.294105 -10.154335 64.397845 24.802951 -10.530592 66.227557 1.236836
169.339547 -0.700550 -135.751373 174.533256 -0.713657 -140.001547 0.564799
95.967685 90.782056 -9.983580 98.702734 93.426250 -10.328688 1.686367
-80.430376 -52.982303 -95.973957 -83.240127 -54.561458 -98.809619 1.482965
-120.859125 -97.411979 -75.988603 -124.479884 -100.308570 -78.388845 0.869391
-178.561708 31.255481 -44.769614 -184.056791 32.232790 -46.136616 1.915107
-44.300545 6.251924 -39.163971 -45.737671 7.184991 -40.039351 0.800081
-30.288508 330.197756 50.995657 -31.088196 340.384889 52.557200 1.246164
19.855961 -30.879701 4.183485 20.248998 -31.745775 4.240185 1.455368
-81.792418 -116.889001 155.918535 -84.336178 -120.333885 160.608829 0.801584
-40.665062 27.226874 43.060684 -41.039573 29.399872 44.091035 1.555617
-25.285492 124.091826 -64.058318 -26.050874 127.738757 -65.836303 1.629535
-214.374401 -63.277271 -187.077277 -220.956494 -65.208366 -192.946722 0.817978
59.038825 202.032207 47.728873 60.792805 208.192298 49.120978 0.710664
-121.023763 -86.903292 -86.340248 -123.606457 -88.486210 -88.240325 1.378524
-66.706014 -73.006849 11.706083 -68.773816 -75.003137 12.190926 1.582739
-7.658223 -150.887679 -74.709323 -7.892186 -155.416892 -77.055432 1.478983
240.559507 322.347225 -71.190495 248.148690 332.260701 -73.353100 1.970240
44.374425 -101.496117 -65.738944 45.818912 -104.465613 -67.799610 0.574403
-110.454334 -31.113196 73.698679 -113.839566 -32.169789 75.949902 1.807634
39.728743 -74.079073 167.924334 41.011380 -76.362553 172.972271 1.944714
3.669299 23.211309 67.289215 3.598734 23.855076 69.293583 0.626550
143.845983 55.578059 -15.533245 148.156282 57.256995 -15.979673 0.541787
115.692228 -91.112501 44.226997 119.310532 -93.911470 45.559077 0.647408
32.174934 -34.881061 50.077867 33.231490 -35.731898 51.603561 1.913450
-12.128454 47.180689 58.158253 -12.167203 48.348864 60.072276 0.969921
83.307717 97.050754 67.396262 85.896490 99.925396 69.368536 0.983721
-64.063906 78.298375 66.094289 -65.652923 80.550951 67.966752 0.629238
-1.495744 4.364489 9.887188 -0.949008 3.761036 9.892315 1.564805
33.821784 -37.839495 -12.699551 34.921348 -38.707663 -12.659001 1.398232
49.031285 -38.686146 50.154417 50.532848 -39.785056 51.597572 0.684981
-1.764182 -30.728021 -0.632366 -1.179156 -31.440341 -1.232866 1.811529
69.547022 -42.477599 113.137886 71.758387 -43.722332 116.376705 1.763502
-167.877004 -53.541113 -136.773956 -173.073036 -55.176204 -141.009926 1.397461
-485.263682 -2.308644 160.910273 -500.279779 -2.349996 165.814333 1.945967
118.396627 67.400235 79.019972 121.989305 69.498396 81.408175 0.800082
-54.507210 -63.430342 99.093414 -56.057420 -65.311143 101.829334 1.239058
-97.214122 36.991418 24.672309 -100.083718 38.163356 25.212420 1.468840
23.688550 -188.935260 -37.269086 24.428011 -194.672785 -38.448438 0.603459
-0.992974 44.849870 -35.243527 -1.019216 46.236950 -36.623778 1.206499
-382.994301 243.025081 413.015113 -394.932145 250.609206 425.916033 0.909465
-2.584066 106.223547 -98.842261 -2.598802 109.540550 -101.856539 1.980983
147.673712 19.571788 44.857313 152.101913 20.170901 46.144254 0.522851
-20.974690 22.724156 10.226998 -21.487628 23.471236 10.431575 0.951063
12.728349 -126.667236 -81.484602 12.863341 -130.386802 -83.992374 0.762298
-39.602118 29.402774 8.994985 -39.850383 29.479697 9.472842 1.530689
56.013521 -21.988722 20.324981 57.475967 -22.680170 20.929735 0.783150
112.347236 74.959634 -198.726609 115.852250 77.244513 -204.905679 1.483683
2.488011 -26.884016 -12.799601 2.452196 -28.061606 -13.126096 1.319147
5.596128 -31.281617 52.773987 5.136392 -32.042185 52.693630 1.967213
85.741894 -246.761476 226.593489 88.424261 -254.481429 233.628531 0.710920
-73.429281 -13.077922 -87.340864 -75.759509 -13.275742 -90.000628 1.135681
2.667288 127.397513 -62.263162 2.819552 131.336363 -64.107884 0.569090
-1228.434114 353.240884 918.889987 -1266.429605 364.223255 947.181844 1.514888
-82.828976 -52.407536 -96.738426 -85.059551 -54.050407 -99.655345 1.073109
-19.589177 19.528478 51.974788 -20.258227 19.636868 53.566401 1.032487
11.681790 23.755720 46.750695 12.218820 24.452771 48.055014 1.520529
-37.107401 24.523854 18.326152 -38.258429 25.361530 18.188730 1.073013
125.538361 -22.564861 -133.491803 129.481757 -23.270599 -137.597909 1.109837
81.198882 53.401100 -52.903517 83.572040 54.907578 -54.425377 0.909344
-6.980115 18.119361 5.205806 -6.882551 19.126639 5.264916 1.007007
-104.222527 -16.124856 59.189970 -107.371731 -16.664383 60.991797 1.181517
85.271050 -35.950659 -16.879694 86.201220 -37.073352 -15.826179 1.381008
-38.957296 39.636877 37.380785 -40.578480 41.045145 38.865874 1.457846
-5.221393 25.331515 -10.178894 -6.078370 26.520020 -10.424972 1.484611
64.436545 59.304878 89.742116 66.403318 61.222392 92.493859 1.555594
68.661487 -0.653822 15.421308 70.610816 -0.468689 15.689555 0.597937
-20.905458 -23.849087 -46.399933 -21.483851 -24.432734 -47.365209 0.530216
53.315841 -76.095125 -70.275919 55.023837 -78.568529 -72.357018 1.636114
33.840296 9.856998 1.286792 34.354189 10.421900 1.861242 0.757957
34.478913 -92.746420 39.532469 35.490669 -95.391072 40.711149 1.853161
62.209019 164.858250 -77.639819 64.125409 170.013816 -80.123762 0.988627
-162.771663 -139.691195 56.778833 -167.742145 -143.853106 58.518597 1.731739
-98.104961 -118.851662 -1.153941 -101.127526 -122.454518 -1.236488 0.542559
26.960775 -31.853871 42.833329 27.509370 -33.251446 44.140020 0.544842
115.134368 16.464796 80.273164 118.594511 17.058706 82.596581 0.755829
3.402111 -38.535746 -78.750483 3.462454 -39.683708 -80.987741 1.275272
-84.130277 -29.975267 -101.396260 -86.767202 -30.872990 -104.576224 1.751640
-0.208414 108.852377 -20.477470 -0.283795 112.007277 -21.095620 1.447546
-132.962077 109.116437 8.178650 -137.193027 112.452055 8.346493 1.450568
-122.597156 -165.171165 -92.719275 -126.347629 -170.200714 -95.570220 1.088109
71.276307 83.795980 43.980746 73.602349 86.506380 45.133030 0.580024
14.163979 -67.509966 62.042071 14.619784 -69.347267 63.699336 1.522140
-42.496782 23.493483 -21.562766 -44.298661 24.238024 -22.161514 0.993879
-66.307773 110.483543 -27.237846 -68.190811 113.758279 -28.061616 1.712677
172.343258 226.870571 112.572893 177.626164 233.862804 115.990036 0.837208
46.407644 26.720104 39.430349 48.027071 27.674824 40.218732 1.911867
-34.416980 56.037485 46.289908 -35.259037 56.315833 47.472581 1.087904
889.500472 -590.940637 146.053360 897.792849 -597.384282 147.747599 0.574340
28.958355 0.421585 4.132072 29.834474 0.338922 4.676327 1.073909
-93.804992 -26.101802 75.818690 -96.699154 -26.858003 78.104795 1.929638
83.606792 -50.316575 82.282036 86.116277 -51.888658 84.818073 1.603707
181.693920 -65.343915 -220.717173 185.575186 -66.415504 -225.149722 1.086287
-125.179772 9.586760 -61.346306 -127.625466 9.421265 -62.114396 1.062502
36.722763 17.523785 -84.559701 37.799617 18.208392 -86.941420 1.350034
7.758880 3.065061 -34.131208 7.453751 3.234732 -33.830501 0.898239
-42.171023 -139.640790 -45.881562 -43.496715 -143.720797 -47.293228 0.791191
81.004653 8.363002 13.313836 83.142104 8.581187 13.702007 0.849100
-54.397762 -8.684103 -21.952302 -53.973273 -8.249061 -21.497232 1.191131
-72.870310 39.995891 -4.402206 -74.996538 41.174504 -4.428760 0.784810
35.384544 -9.021126 11.697452 35.569902 -8.474013 11.883572 0.594643
-93.682839 -60.190419 -71.673507 -96.423901 -62.052455 -73.824259 0.564234
39.678123 -114.612032 9.057955 41.017895 -117.965907 9.462101 1.457349
84.846003 55.937122 50.396509 87.585286 57.560106 51.987896 0.637139
-111.103798 -129.031672 8.264041 -114.549043 -132.995213 8.479511 0.840382
24.728745 -168.524762 104.452624 25.561774 -173.672512 107.580026 1.318083
46.497068 60.403437 -85.248469 47.926003 62.215093 -87.841513 0.687865
-19.813973 25.634015 1.756332 -18.505890 25.255867 2.754953 1.023318
-32.630651 62.590870 61.768590 -33.433787 63.793803 63.180408 0.533849
-9.900849 -8.257743 -3.095406 -8.976630 -9.233006 -2.926522 1.158148
-125.560893 32.512193 -24.907900 -128.571044 33.983679 -25.878583 1.281728
49.996499 -58.436271 -9.959373 51.353834 -59.636608 -10.602471 1.496329
42.472165 -115.522650 152.876789 43.787112 -119.022194 157.471458 1.298793
86.237898 -85.741147 -127.863389 89.004659 -88.306427 -131.819748 1.496277
58.590470 -127.980356 115.644440 60.276797 -131.746493 119.006738 0.567551
-16.869407 -162.357930 162.303287 -17.343448 -167.359487 167.230861 0.943010
-29.703721 -37.524079 -33.175378 -30.729607 -39.310846 -33.965656 1.900683
65.649676 -51.831194 -41.575331 67.536768 -53.051543 -42.026381 1.435774
126.352281 32.510704 16.575903 130.166234 33.422522 17.140326 1.885033
-17.791926 -129.983628 32.962912 -18.234572 -133.905241 33.970781 1.869333
-182.584385 -87.788695 36.388429 -188.101973 -90.419651 37.409716 1.182701
21.051048 -43.448811 -157.454534 21.758924 -44.728973 -162.308511 1.445156
-62.010706 126.236429 58.817587 -63.889769 130.045556 60.517919 1.388112
-20.164504 -38.549264 -0.047848 -20.781406 -39.046423 -0.074332 0.584136
30.407554 6.811796 -28.414817 31.255900 7.425918 -28.411562 0.738116
-136.985004 165.371884 -45.632564 -141.183046 170.461652 -47.066664 0.863318
-58.724453 -32.187089 42.049054 -60.153406 -33.069010 43.186620 1.385580
-9.095910 25.319776 37.383484 -9.559564 26.002388 38.366117 1.206260
6.126197 -18.989519 -151.372160 6.389407 -19.538324 -155.940594 1.344807
131.695398 23.281978 93.061285 135.712376 23.990348 95.821581 1.950866
32.581894 -17.266153 24.790589 33.959459 -17.187594 24.493601 1.797540
42.237405 -23.754531 78.567572 43.590139 -24.409107 80.581388 1.561868
-32.617335 -5.439863 142.950442 -33.648032 -5.584848 147.059019 0.556965
121.443953 -134.108278 -80.855170 125.098387 -138.187467 -83.258918 1.242868
23.793553 36.650444 -28.266442 24.305879 37.783738 -28.945295 0.960419
67.411613 -105.064697 183.134089 69.404599 -108.221951 188.652554 1.984046
70.354677 -18.090070 73.418454 72.676137 -18.680516 75.350402 0.995260
-36.890413 -70.375258 132.790512 -38.026399 -72.461578 136.611998 1.672962
-175.858797 85.753884 -33.527817 -181.170320 88.358657 -34.629032 1.603995
82.185105 64.930198 -49.797526 84.636482 66.899092 -51.284448 1.063031
-26.483044 -33.279382 -20.003235 -27.173035 -33.618999 -21.234660 1.987925
-56.158586 -85.650003 141.773706 -57.770887 -88.251228 145.956939 1.060596
-44.836554 68.036368 -34.500355 -46.439607 70.134743 -35.418009 1.978308
166.095297 -148.804951 40.755298 171.212587 -153.328184 41.987241 1.176913
-59.863174 -75.214018 74.397907 -61.859117 -77.591907 76.608210 1.466303
21.122093 96.161900 -25.641214 21.626868 99.051420 -26.330056 1.173098
-82.116344 -78.371360 66.789896 -84.745306 -80.828329 68.416352 1.098549
4.807109 66.165904 125.729114 4.913332 68.101850 129.370757 1.441242
-70.260967 -72.062194 64.842436 -72.535868 -74.807868 66.426773 0.668004
155.435093 104.962000 -200.009467 160.249245 108.210333 -206.282597 1.820751
-54.851004 81.598670 -41.374125 -56.428006 83.987579 -42.537323 1.751347
-10.395549 73.501950 73.701137 -10.774964 75.644400 75.729739 1.844215
44.938819 -45.668857 2.352105 46.123429 -46.993833 2.296993 1.419580
-2.685381 58.331716 32.322564 -1.851274 59.081213 32.349384 1.901598
-105.666102 14.329058 4.997231 -108.953362 14.557794 5.013525 1.455621
56.471132 -98.796250 167.679180 58.200073 -101.816955 172.815963 0.994155
40.532923 0.030516 -2.958863 41.423341 -0.171655 -2.765818 1.272204
-29.301538 39.578720 -56.085906 -29.196538 40.527120 -56.977714 1.477153
-52.154232 -76.519212 -105.065905 -53.879018 -78.842603 -108.296594 1.812924
-59.254301 -59.672224 33.764094 -60.173201 -60.215286 34.950276 0.830441
107.544666 309.052109 28.202164 108.523113 312.891027 28.409379 1.613378
29.826367 39.630903 26.757489 29.390596 40.673285 25.992344 0.550685
17.561544 49.201965 101.151021 18.044462 50.596242 104.168354 0.540565
-117.908161 104.484230 1.180323 -121.445782 107.672505 1.200279 1.168759
-60.973329 -123.926188 102.368464 -62.636076 -128.017643 105.328992 1.092590
-18.702547 9.087334 -30.925484 -19.306996 9.291248 -30.571619 1.248910
-161.510353 118.334486 24.539726 -166.481007 121.967132 25.227382 1.046821
-156.161509 -79.668928 9.770029 -160.853513 -81.969370 10.059608 0.761431
-88.119921 65.616309 69.635184 -90.818515 67.710680 71.743162 1.398582
-66.920528 -16.555043 -39.222106 -69.027855 -17.201826 -40.435529 0.507666
67.587340 -45.893191 68.953570 69.514799 -47.203740 70.880625 1.544726
-81.357813 -139.612916 -79.825451 -83.774210 -143.779906 -82.295479 0.893184
53.154820 -59.013500 82.288536 54.674448 -60.620926 84.656517 1.291896
-69.336103 57.019994 59.062967 -71.451073 58.829429 61.010458 0.846523
-58.786343 -31.485871 -11.591525 -60.272333 -32.391082 -12.703936 0.561054
66.288142 50.504175 -66.551094 68.321858 52.020852 -68.423276 1.790937
-63.766788 -188.047728 14.976748 -65.636895 -193.746138 15.385163 1.219807
25.515111 70.843376 27.222660 25.419285 71.733143 27.222425 0.863751
178.187172 -330.946567 114.026146 183.809471 -341.265352 117.603018 1.561653
-285.334582 -77.378099 224.988448 -288.441806 -78.946707 226.387672 0.774520
-20.070932 -112.345553 10.525400 -20.742290 -115.580766 10.728431 1.547888
-13.776297 9.746276 12.637211 -15.000604 10.782400 12.362942 0.803523
95.755172 79.072232 95.351164 98.537992 81.412513 98.020221 1.706045
-59.609404 28.329195 -11.324195 -61.208034 29.316307 -11.502802 1.827249
51.483497 162.866447 34.685589 53.060474 167.847545 35.602538 1.298586
56.859911 -47.092365 61.927620 58.473555 -48.712190 63.979879 1.595481
89.546795 -68.809007 -43.507887 92.433753 -70.841182 -44.811764 1.832242
133.747499 107.795563 -77.650169 137.923643 111.145423 -80.041472 0.979901
-56.264347 -0.972412 79.119212 -57.755471 -1.211781 81.584504 0.625823
54.455515 -56.185637 10.071902 55.870673 -57.675562 10.171284 0.527099
91.738383 133.352740 52.778895 94.514918 137.395420 54.451970 1.370621
-194.340058 -169.285465 -97.312890 -200.423998 -174.520570 -100.344377 1.636052
67.162529 78.927524 79.301349 69.285794 81.403812 81.738591 0.615712
83.972652 48.969060 38.909505 86.443637 50.557126 40.086158 1.733469
-63.011002 -50.207722 -59.829699 -65.183523 -51.871472 -61.713666 0.883824
50.158277 -20.913303 167.034477 51.665169 -21.469077 171.970677 1.902541
118.456181 -95.533213 21.019551 122.130022 -98.629555 21.562146 1.278199
88.793524 -124.765011 -16.561126 91.486990 -128.581638 -17.036418 1.255573
155.327822 -161.416480 -82.359228 158.345439 -164.234598 -84.445635 1.430942
139.671583 -6.825987 43.338056 143.824870 -6.985512 44.490140 0.954262
8.565059 164.853784 -22.134943 8.850397 169.889052 -22.900485 1.407205
-164.436313 -55.925568 224.291586 -169.560814 -57.571299 231.098215 1.089179
-81.173951 7.901638 25.519493 -83.757276 8.184220 26.297264 1.078035
1.005349 21.427713 16.742655 -0.205750 20.175266 17.291753 0.885906
53.264901 -88.756540 130.103030 54.876949 -91.386354 133.926621 0.521460
-259.745974 -208.772324 41.459415 -267.811472 -215.211148 42.604531 1.572445
59.335165 -60.562638 92.334432 60.960360 -62.487704 95.170490 1.371182
-124.517676 32.986217 -25.133849 -128.622074 33.519595 -25.918131 1.785837
113.757091 -108.941779 -89.647155 117.196309 -112.251256 -92.465454 0.555374
24.712537 12.960213 63.122556 25.161374 13.265150 64.832035 1.859247
-53.363194 -18.404431 -45.142564 -55.786141 -17.282015 -46.846514 1.701891
-50.873269 -37.309431 -28.786809 -52.155736 -38.459675 -29.637630 0.570131
51.296790 0.173166 104.925088 52.759134 0.231210 107.932034 1.841874
125.274058 49.766561 4.869933 128.931592 51.281098 4.934231 1.290020
-85.162840 20.637445 -0.976149 -87.672450 21.274326 -1.099083 1.832070
2.967692 -13.993953 47.651330 2.713122 -14.397520 49.387096 1.241804
161.674094 20.824045 -220.544465 166.708464 21.485956 -227.461037 1.478455
131.874252 129.800740 53.173649 135.985363 133.761058 54.745632 1.423438
-47.131047 -129.238255 -13.479471 -48.587809 -133.038252 -13.908153 0.853230
86.374254 8.434590 -79.332634 89.129980 8.763168 -81.778407 0.939170
-30.085358 -31.233173 -32.550643 -31.801408 -32.502481 -33.630450 1.676899
-144.213202 -58.794111 83.077795 -148.622108 -60.568506 85.586742 1.654592
-155.470385 191.371267 -21.714576 -160.213252 197.223374 -22.444260 0.927945
-13.749949 -64.416592 -176.408866 -14.150491 -66.398992 -181.769403 1.570102
-71.116454 -86.647301 -94.150295 -73.248518 -89.316556 -97.125253 0.699333
188.489663 113.983282 141.213670 194.296549 117.541781 145.510798 1.525546
103.662811 155.055267 -50.053939 106.861760 159.839579 -51.672747 1.780611
-26.519139 -62.260311 68.617679 -27.465124 -64.173469 70.759881 1.716527
27.034182 -180.272284 41.434141 27.252704 -181.110759 41.602163 1.460783
-66.254680 -12.493482 -53.902580 -68.079568 -13.114713 -55.253851 1.600892
-84.195582 45.099830 -69.960205 -86.735257 46.364028 -72.072303 1.771386
95.253934 -89.730390 -30.597274 97.970452 -92.395205 -31.499730 0.704636
-163.228897 -58.591331 -46.809848 -168.216620 -60.333731 -48.232840 0.547977
-26.385767 -18.554430 6.460485 -26.427890 -19.025089 5.838715 1.301105
-8.729079 35.854779 30.238273 -9.272273 35.049630 30.380113 0.759699
145.849880 43.401211 -125.601395 150.352706 44.725776 -129.489442 1.167075
66.035493 -156.259176 145.923632 68.070795 -161.101052 150.320069 0.686043
95.709767 -71.904558 -30.199488 98.568118 -74.077024 -31.110630 1.019267
37.339790 -53.749610 61.640794 38.803633 -55.472836 63.719565 1.418238
22.853794 -9.723243 -23.491788 23.638145 -10.753949 -24.137480 1.112952
24.868079 -11.878035 -24.592277 25.339006 -12.611277 -25.358349 1.726490
-44.104415 16.474474 39.218321 -45.120081 17.025751 40.279591 1.978147
-40.006813 449.404188 325.748722 -40.908188 453.142193 328.465907 1.367225
-12.009991 -48.577053 22.664618 -12.346388 -48.381328 23.028762 1.686451
-233.011705 143.059748 -90.868178 -240.255549 147.497848 -93.666116 1.711238
93.872649 -80.884991 2.012288 96.567844 -83.305829 2.023791 0.941455
-5.438768 -2.447846 -26.516760 -5.048201 -2.733178 -27.240710 0.903949
-83.654632 69.507907 45.914313 -86.263429 71.584058 47.427577 1.570608
-8.002737 106.709089 31.577689 -8.254906 109.792719 32.429687 1.276767
102.682238 76.064149 116.574563 105.736610 78.331449 119.886061 1.013514
-106.841745 69.890157 -72.872164 -110.227654 72.035079 -75.023727 1.375586
-137.109612 49.941786 53.482083 -141.208898 51.459651 55.058530 0.974215
32.328265 115.103741 12.246999 33.321955 118.476733 12.497738 1.240457
-98.780887 6.981198 3.868192 -101.632199 7.167027 3.831358 1.185195
106.668231 -67.353659 62.186602 109.827557 -69.393502 64.004339 1.938439
86.894430 79.704609 78.371782 89.678795 82.339221 80.748253 1.088359
137.921782 -36.141760 -58.894954 142.011161 -37.101903 -60.618569 1.085334
-63.062608 -10.109656 -22.361195 -64.678312 -10.550765 -22.864464 1.538376
8.892268 9.746066 -19.793838 9.699391 8.954344 -20.009044 0.876313
67.934960 -158.746588 -41.790877 70.048126 -163.583157 -43.012300 1.385187
36.692230 -1.923621 18.341445 37.575482 -2.726079 17.536228 1.321870
72.997730 87.924614 38.481724 73.754595 88.880646 39.832656 0.849601
158.697855 85.137438 -9.361842 163.405618 87.702167 -9.696361 1.050369
-50.058313 -91.513232 -111.700339 -51.513831 -94.235969 -115.176745 1.103782
-18.835776 67.988478 -109.629826 -19.327849 70.214928 -113.159725 1.903238
-17.933534 29.214252 -71.967563 -19.015126 29.431740 -72.629007 1.637562
81.339078 -69.893485 -26.710579 83.513885 -71.810262 -27.585543 0.595879
72.428028 -129.456688 -78.524401 74.578853 -133.449182 -80.946980 1.498355
-215.035595 -150.232670 109.766278 -221.675624 -154.819421 113.131482 1.224958
17.218524 -159.126783 -51.993365 17.579053 -164.190181 -53.810485 0.877312
-4.622278 -110.058261 32.624992 -4.457072 -110.799795 32.767585 0.540154
-42.766034 -106.456705 -57.258186 -43.235994 -108.605844 -58.758516 0.898531
73.469522 64.986569 -102.962059 75.807056 66.948435 -106.065463 0.981639
55.646929 173.136394 -270.247303 57.330369 178.495495 -278.703240 1.091369
-100.728453 84.616694 44.117631 -103.767727 87.155698 45.534766 0.587026
18.659921 99.786420 -157.392092 19.248676 102.788383 -162.189644 0.659751
-7.390690 -26.279563 -31.955042 -8.480455 -27.288114 -32.462301 1.059846
118.189967 -142.982893 33.653214 121.854748 -147.339836 34.679718 1.020342
-95.773903 -98.230985 -113.765380 -98.655829 -101.240380 -117.215535 0.559594
44.627973 52.801442 -37.004517 45.887463 54.198328 -38.046579 0.762258
-5.328977 -145.811080 -224.240431 -4.752268 -147.408432 -226.797787 1.735548
18.712586 177.270775 -131.157835 19.338756 182.772932 -135.236077 1.581500
9.673214 -32.201973 -16.347292 10.101837 -32.928528 -16.800838 0.918008
98.024790 -130.397318 -116.007992 101.000845 -134.354206 -119.595106 1.655042
-66.490867 -81.280634 76.174735 -67.860564 -84.580439 79.325587 1.741437
3.337310 87.984847 -81.428753 3.373962 90.643410 -84.089665 1.065341
-145.890262 -74.389946 -129.544140 -150.420771 -76.590315 -133.545323 0.868387
39.830177 -39.824891 149.773059 40.968561 -40.898566 154.309316 1.820650
-33.630265 25.317282 18.672253 -34.464916 25.714409 19.620238 0.548354
119.513241 96.982329 87.609930 123.160810 99.907792 90.308636 1.954680
17.089841 -14.805011 12.130085 17.172828 -16.783255 12.532190 0.630516
-71.148710 -166.056318 -81.054730 -73.308862 -170.999133 -83.553154 1.303269
-92.078334 -77.671898 32.803789 -94.672470 -79.950654 33.732799 0.732197
-67.955151 94.999394 -4.816741 -68.934959 97.047902 -5.495574 1.278479
10.019172 -189.447506 27.188344 10.283304 -195.209714 27.979820 0.751539
-10.922744 31.115967 -14.973477 -11.044601 31.185434 -15.936998 0.501252
-4.696161 -93.561416 20.353167 -4.831006 -96.311295 20.967366 1.548647
28.578112 -1.402882 75.304343 29.373261 -1.416085 77.445905 0.573117
-54.829539 7.348099 -3.177765 -56.349246 8.103386 -3.594861 1.097655
19.759047 29.671729 17.110503 20.414758 30.433974 17.996923 0.641676
-120.402926 -110.479788 -104.675456 -124.138351 -113.798558 -107.866573 1.066797
-36.915219 -122.042217 -37.288349 -38.015447 -125.566021 -38.462419 1.278027
71.694118 101.300956 -193.693917 73.886637 104.443261 -199.681827 0.573849
92.449961 -19.682768 127.075340 95.383494 -20.128503 130.949629 1.683073
-133.314639 -177.336801 -66.741920 -137.401504 -182.740360 -68.815983 1.233847
41.649219 -45.993251 -74.504916 42.332610 -46.758634 -74.293871 1.408748
921.642774 -104.946009 -780.985311 950.136878 -108.133046 -805.260750 1.983917
-51.982836 -88.174277 -92.805844 -53.565925 -90.780963 -95.521703 1.455408
-27.853770 -72.447910 45.275880 -28.540363 -74.639770 46.689199 0.981680
-23.853008 -153.164000 52.365329 -24.532210 -157.738392 53.800112 1.763788
49.225335 44.022430 2.870614 50.594448 45.407556 3.397601 1.558749
-31.289068 -58.910429 75.832978 -32.171096 -60.700881 77.911591 1.704801
53.054269 25.851057 23.384140 53.434482 25.633704 24.425940 1.093868
23.907697 -15.690682 -10.796894 24.369973 -16.413606 -10.998255 1.741034
-231.350637 -11.783249 -77.005604 -238.480982 -12.093524 -79.377132 1.527593
-71.448783 -113.027495 91.800070 -73.601244 -116.369275 94.640130 1.050263
20.069823 -166.664972 -41.721835 20.767344 -171.620448 -43.033931 0.801235
58.818484 -146.612105 5.254189 60.578969 -150.858107 5.922673 1.022500
-19.691851 24.430661 -25.130526 -21.048472 25.560735 -25.998798 1.629264
98.042542 134.747687 74.788727 101.071233 138.887422 76.965375 0.525681
54.370725 52.124903 -46.117025 56.258864 53.991293 -47.761031 0.767655
-29.119775 6.070119 -55.215047 -29.767004 5.708049 -57.069309 1.036805
142.586991 -124.786640 35.486840 146.972590 -128.577776 36.589342 1.910933
100.897700 116.614851 19.762684 102.234904 119.194448 19.929226 1.336116
-10.973040 24.940018 11.793247 -11.274268 23.751745 12.140177 1.744735
41.085258 285.106571 -259.844499 42.351727 293.927743 -267.976795 1.487625
-25.897413 -104.780515 74.240097 -26.969659 -107.916324 76.506801 0.751728
-26.380800 -14.473686 63.080928 -25.495903 -15.685518 64.087647 1.267946
3.655160 115.121830 190.995128 3.704910 118.667256 196.839541 0.622863
-30.240983 206.895342 -217.234431 -31.188470 213.290774 -224.016735 0.563694
-30.720167 -47.704813 5.582804 -31.536547 -48.900704 5.387493 1.439000
116.263796 369.276408 39.220909 119.802198 380.678644 40.261414 1.396663
13.273609 -141.515152 72.888052 13.686085 -145.691692 75.069375 1.543627
-60.974138 -39.188989 -0.867606 -62.810227 -40.273641 -1.175003 1.099768
-65.629109 154.207656 -26.062670 -67.588275 158.766994 -26.913215 1.702131
-84.865025 78.616486 89.515119 -87.501373 80.948279 92.246912 0.737195
46.545409 -20.790516 163.462774 47.978074 -21.422471 168.587072 0.729220
115.210900 158.640999 69.061061 118.655795 163.499208 71.089988 0.585233
-89.646020 -66.601499 -96.883321 -92.486682 -68.619693 -99.909657 1.998084
-28.137862 43.553486 23.397305 -28.742248 45.190240 24.279977 0.734150
-107.253767 92.622132 -59.127131 -110.531120 95.446446 -61.069444 0.799510
123.982957 5.082940 20.284011 126.280902 5.210918 20.353549 1.457455
-8.251597 15.234538 -26.680701 -8.959890 14.871850 -28.102386 1.961524
160.440512 10.993679 140.109701 165.319675 11.366331 144.324072 0.793948
144.618095 57.565872 -43.038011 148.925225 59.257345 -44.425219 0.742820
16.500063 108.999629 101.301228 17.001910 112.163790 104.131253 1.142020
20.159225 -18.145054 -142.454786 20.787513 -18.685706 -146.815376 1.925518
63.239917 -101.791732 -11.607034 65.079109 -104.766850 -11.843002 1.703003
12.916955 4.642197 -34.738820 13.100046 4.818544 -35.320840 1.207753
-129.533824 -71.027874 -28.985180 -133.302722 -73.057055 -29.785962 1.299907
-31.285519 36.519829 25.578705 -31.402678 37.645861 26.293072 1.345556
38.160146 27.370484 -30.738593 38.150026 26.610997 -31.458743 0.513652
51.014735 -56.293522 -10.957117 52.430871 -58.007262 -11.071627 1.839868
106.448388 28.476609 66.245213 109.494910 29.367659 68.175581 1.538639
17.586834 25.676305 -51.981124 18.266097 26.307584 -53.338984 0.502825
157.846051 -8.447723 -4.640271 162.557844 -8.692056 -4.912062 0.546336
-67.164550 169.774606 24.648093 -69.188849 175.004162 25.315332 1.988556
93.643979 -141.394477 -62.624777 96.472381 -145.748274 -64.573645 0.526268
-111.678087 -17.283840 90.221652 -114.992821 -17.899472 92.806238 1.509776
26.966420 61.346985 -40.137470 27.559470 63.419357 -41.425401 1.430346
8.569806 56.604707 -132.724953 8.664205 58.330701 -136.832407 1.403445
89.068967 27.926962 11.394431 91.677727 28.738138 11.734435 1.000134
-60.532493 -14.111089 -19.253776 -62.288141 -14.686241 -19.763814 0.641696
-19.275214 -67.078894 16.359678 -20.056571 -68.904516 16.832752 1.006784
4.202810 29.487411 -198.232749 4.347919 30.397265 -204.294867 0.721648
-155.653931 -244.380606 50.046418 -156.562865 -247.560960 50.353755 0.505415
-98.092020 -24.574917 -23.432792 -100.943187 -25.303705 -23.917102 1.375983
105.411204 169.465649 -57.387856 108.620165 174.639452 -59.142160 1.132054
-30.681899 13.715959 -76.665541 -31.562644 14.454039 -78.777742 0.688431
53.760536 20.504430 11.149187 55.019805 20.983231 11.379040 1.646941
112.613152 83.284384 -111.648784 116.204084 85.897716 -115.120115 1.602966
25.404683 -7.411145 -2.577047 26.262337 -8.215679 -2.676808 1.778651
-36.321229 16.021883 13.648665 -37.225352 16.434931 14.608883 1.839429
150.340310 74.601311 -49.242236 155.064808 76.897039 -50.877202 0.597479
-153.859256 -100.331969 -78.052225 -158.506929 -103.381709 -80.496656 0.799628
-235.206220 -176.913971 -61.881031 -242.459938 -182.299223 -63.873527 0.890015
21.523180 -17.589153 97.711822 22.137322 -18.051462 100.345031 1.261274
-123.599101 77.943782 -190.982044 -127.482577 80.418093 -196.942262 0.977397
12.148646 -12.013691 105.985004 12.777923 -12.579982 107.084521 1.061332
62.221154 -70.556661 11.207435 64.172995 -72.903516 11.331844 0.647757
-18.318894 -61.959079 -9.488688 -18.646320 -63.798767 -9.887773 1.332488
53.866531 98.263001 79.837093 55.543533 101.369740 82.334581 1.531092
43.732118 -21.665239 8.419091 44.885723 -21.275189 8.638654 1.161730
-16.833276 10.573990 -6.313226 -17.378594 11.363590 -6.843308 0.821040
24.649800 -0.968769 -11.518405 26.010523 -1.179404 -11.658137 1.949734
110.591823 39.212895 3.611494 113.767423 40.355150 3.588336 0.567135
43.110771 -6.022833 -23.549098 44.044736 -6.200973 -24.021873 1.354880
17.324662 95.525104 -144.965321 17.699700 98.535976 -149.242977 1.330858
-60.314052 4.868228 -37.028971 -61.966699 5.235071 -37.875484 1.237099
-31.430607 165.058424 -48.326368 -32.375418 170.156792 -49.866479 0.856870
38.279012 -87.405802 199.438646 39.376920 -89.995475 205.489962 1.288961
-3.603695 14.826992 -176.135374 -3.722534 15.289814 -181.393681 1.995353
-39.258478 29.576343 -106.357438 -40.411790 30.974285 -110.143159 1.425510
67.443468 17.764990 -4.886342 68.365725 17.633579 -5.264734 1.319548
150.042606 51.739370 4.225059 154.572401 53.255789 4.177973 1.198105
-79.361819 63.755661 -101.702794 -81.787257 65.694762 -104.759800 1.429222
60.243916 -66.428820 47.489947 62.122354 -68.473761 49.114238 1.946988
-41.003911 -30.397341 -195.742565 -42.219880 -31.328979 -201.805914 1.922526
14.544110 28.215911 -35.803435 13.813350 29.020212 -36.743838 0.788768
102.279741 9.984159 83.279902 105.110423 10.369101 85.615257 1.447367
-63.018763 123.173532 -42.381278 -64.971509 126.868195 -43.661750 1.794546
-41.094392 11.111078 15.571021 -42.591466 10.724079 16.299033 1.390438
2.631192 12.883740 88.872251 2.732912 13.149610 91.162983 1.569147
-122.166535 59.783100 91.504854 -125.984604 61.582293 94.320863 1.352003
184.674865 -61.928987 -21.116415 190.255905 -63.778071 -21.903787 1.627867
7.138147 -19.168886 -13.698641 6.494047 -20.561141 -15.143414 1.934985
-21.554771 -107.279874 158.928726 -22.293121 -110.403045 163.742579 1.845341
-9.766508 9.516887 64.948747 -9.190605 9.991530 67.066559 1.594647
42.016167 125.173612 -192.222021 43.332210 128.985337 -198.145949 1.657762
-42.268593 -74.284409 26.761774 -43.469224 -76.571504 27.781693 1.499191
-18.897881 5.846130 11.941490 -18.256007 6.023084 12.078535 1.351227
-351.039816 577.988570 202.725710 -355.296525 584.664137 204.193400 0.822196
7.530651 -144.545569 18.079000 7.609291 -148.823895 18.562314 1.075039
-119.933467 -0.814248 -41.250238 -124.201653 -1.320383 -43.080557 1.886218
-40.663561 24.674196 61.896762 -41.932534 25.438294 63.578829 1.641105
-127.417787 -31.844970 -12.671745 -129.911308 -32.423655 -12.725638 1.449075
249.460164 -139.742626 34.293683 256.695163 -143.892422 35.352285 0.543527
-13.309462 67.656468 -65.951241 -13.709760 69.618574 -67.945744 0.776157
-76.194366 -88.733485 -99.554612 -78.454910 -91.356188 -102.484579 1.078570
-128.822685 35.777708 -57.933502 -132.713885 36.645217 -59.722528 0.785394
125.440325 -2.256878 -47.539106 129.160009 -2.200929 -48.890383 1.785489
-73.819444 159.904078 53.040620 -76.055012 164.863546 54.656914 1.935856
60.945376 71.280720 132.523904 62.781944 73.502165 136.581304 1.775936
93.630611 -14.775840 16.114039 96.426414 -15.162970 16.624205 0.537954
-64.846530 36.036212 61.616431 -66.935463 37.210040 63.634001 1.610902
26.028961 -92.159685 -149.199483 26.873539 -94.952949 -153.871372 1.369045
-42.376843 200.589910 103.051115 -43.696586 206.741435 106.180206 0.852826
-20.530080 -13.998092 -15.314126 -20.968079 -14.404640 -16.176326 1.929688
-85.414876 32.982190 -86.751292 -88.000299 33.750958 -89.413016 0.982983
94.866694 60.414393 111.385512 97.702114 62.331020 114.662678 1.462388
-37.205973 -67.421129 -19.811861 -38.274090 -69.047465 -20.414515 1.192708
-15.928206 -8.793475 -30.343866 -16.685948 -9.241523 -31.177219 1.993741
-17.734525 41.373411 44.875900 -18.522897 42.859442 46.582428 1.552449
-37.631397 155.750631 -68.493135 -38.824187 160.322065 -70.602577 1.817580
11.631656 40.794005 62.641330 11.937233 41.924368 64.366694 0.550252
59.557137 97.926224 26.986690 59.558665 97.935319 25.748759 1.538827
0.932956 63.240015 52.672362 1.022442 65.069317 54.072803 0.532986
-3.857272 18.388890 -1.689654 -4.041896 17.946794 -1.288989 0.793014
-64.595877 9.791286 -36.895624 -66.341375 9.966924 -37.810365 1.906815
69.955079 -80.530942 79.536958 72.176380 -82.908618 82.050606 1.050937
81.687490 14.602452 73.033883 83.878085 15.040489 75.096628 0.879638
-9.979394 110.238630 20.324196 -10.358495 113.485949 21.033505 1.948672
88.103346 -11.411454 -29.133839 90.735143 -11.959881 -29.835267 1.559177
45.059537 1.977930 133.557972 46.415796 2.053724 137.463072 0.894484
73.989288 -25.899141 -105.611069 76.236364 -26.829942 -108.915617 0.848392
-21.221498 18.114036 -3.081161 -21.877962 18.510345 -2.485279 0.539521
24.932624 16.413161 77.360695 25.511007 17.026671 79.780166 1.212026
150.685190 46.492839 2.442091 155.125996 47.992780 2.444743 1.162625
-45.928029 -11.918051 -95.025119 -46.804367 -11.426975 -96.047213 0.609156
58.034167 -72.977326 17.481902 59.627050 -74.917803 17.801994 1.417547
-98.043947 32.956822 21.133639 -100.857541 33.861191 21.856441 0.515685
75.208469 -49.117794 80.823180 77.552727 -50.779806 83.308412 1.722503
-6.062016 -24.459491 -8.684094 -5.703825 -25.544185 -8.603839 0.993918
0.484094 -62.235511 78.515471 0.450446 -64.136632 81.001747 0.574067
22.100093 5.167284 -6.414730 22.704136 5.342883 -7.571777 1.566997
-46.029315 58.783162 -240.241550 -47.530013 60.519965 -247.638196 1.140912
22.222474 21.310183 141.652484 22.803361 21.959390 145.795338 1.363864
-49.265030 51.055532 -64.686286 -50.753026 52.540015 -66.566087 1.622432
114.044100 64.348187 51.409191 117.495992 66.311956 53.008215 1.555901
-71.646753 47.738456 80.309476 -73.753021 49.153580 82.634564 1.821534
-99.141358 -15.719745 -20.107154 -102.096434 -16.102634 -20.743995 1.657433
-101.026432 -11.177640 -7.819653 -104.022328 -11.631455 -8.094217 0.673051
-123.106248 8.464566 -16.322788 -126.761032 8.788333 -16.853235 1.322966
-33.312957 53.289309 -52.369224 -34.330916 54.511789 -53.698873 1.055079
-75.424692 227.908593 -34.230555 -77.723503 234.908196 -35.309421 1.743825
-30.998110 -93.540373 -94.369972 -31.941021 -96.212439 -97.160847 1.682505
8.692262 110.109199 89.965353 9.098530 113.605410 92.795374 0.616234
2.756821 -25.162300 -11.231625 3.828161 -25.161412 -11.765420 1.989138
79.801631 -0.214566 -29.889988 81.185532 -0.740249 -30.524404 0.680137
-256.374531 56.163783 -146.318827 -264.329084 57.853091 -150.887454 1.797747
-35.136041 -11.807373 11.551181 -35.523987 -12.420839 12.245931 1.439951
60.466449 95.421762 52.395393 62.312603 98.069674 53.739395 0.635631
124.566145 109.882592 -142.039979 128.388508 113.311829 -146.469388 0.646214
-157.442458 66.697646 160.425593 -162.286012 68.806217 165.320596 0.832848
-79.543960 -60.431044 12.775589 -81.858394 -62.068970 13.118679 0.791545
84.147149 50.024405 19.881227 84.627686 51.105516 20.635317 1.445215
-53.479787 -91.694905 117.553522 -55.233639 -94.432036 121.092700 1.079440
-12.853136 -97.492848 79.509062 -13.390163 -100.490712 81.895661 1.803282
32.637423 -46.253348 44.411859 33.387008 -47.396532 45.651029 1.315702
-42.507522 22.385218 -38.931399 -44.034645 22.470517 -39.834111 0.937136
33.716650 11.246058 25.018366 35.060069 12.079933 25.769064 1.777361
79.811785 -2.887840 167.698525 82.321526 -3.014215 172.742517 1.812842
-2.520233 23.334061 0.728636 -2.940940 24.751800 -0.495240 1.604929
103.335682 57.119744 83.067777 106.518570 58.958658 85.652091 1.854217
45.319045 22.045050 30.291063 46.687469 22.385770 31.349868 1.573465
-18.820166 -176.315332 50.237995 -19.335395 -181.621624 51.804655 0.617350
-65.379808 -42.386283 54.088334 -67.141272 -43.748384 55.622476 1.003887
88.185092 -87.564234 -110.177517 90.922387 -90.281123 -113.650315 0.960903
-81.515250 -110.056698 64.160810 -83.884400 -113.150345 66.036802 0.989740
-36.585031 -219.561025 -49.673571 -37.823787 -224.247208 -50.546191 1.559955
-44.296959 -28.212721 -217.404404 -45.604547 -29.057416 -224.070683 1.955966
6.705036 -24.914577 -16.383808 6.519637 -25.911658 -17.032517 1.784684
-48.677646 -120.913367 43.300175 -50.076020 -124.390199 44.576058 0.713324
-96.827698 446.492428 -1.842783 -99.663190 460.098587 -1.826118 0.613886
-113.668933 -42.767588 -82.677913 -114.260712 -43.339685 -83.322859 1.025889
-56.769298 118.261179 -45.194453 -58.483692 121.930448 -46.650871 1.932285
-14.940744 -92.805748 -65.954949 -15.387270 -95.594740 -67.983796 1.519942
8.883744 -24.816226 7.383134 8.777747 -25.795915 7.176964 1.369084
-51.685428 -57.207242 51.470450 -53.507526 -58.816803 53.280898 0.506266
-43.951262 -76.351944 -35.841099 -45.304772 -78.781802 -36.770686 1.060658
21.910761 36.111817 9.245838 23.290240 37.256415 9.996376 1.797777
-111.469494 110.949843 71.417943 -114.944674 114.498534 73.518189 1.181243
61.519470 164.256046 -84.110146 63.378480 169.325204 -86.650074 0.601210
93.421936 143.488240 -21.884141 96.262040 147.861204 -22.458995 1.963620
25.684789 1.551231 30.322009 25.044448 1.327714 31.338346 1.693432
-85.917518 -45.380742 16.292483 -88.358697 -46.723265 16.911625 1.223490
-98.834446 113.806365 -43.273051 -99.201620 114.433790 -43.672156 1.509965
-16.917263 12.262698 22.176933 -18.484452 11.035752 22.937649 0.931106
-10.742938 -24.726942 -6.377385 -11.804142 -24.426890 -6.433435 1.796672
138.252187 -166.363225 77.054590 142.474877 -171.478371 79.394895 1.408282
-77.741421 -7.333763 42.720694 -79.982927 -7.631779 43.990571 0.676297
-63.816699 -118.962867 104.156609 -66.307575 -121.665106 107.593605 0.561058
-39.106200 -63.199698 -103.652180 -40.395036 -64.906575 -106.588432 1.570296
109.163413 -51.005917 -58.335485 110.588543 -51.342995 -58.022923 0.853752
-19.236218 -27.453182 42.188096 -20.286528 -25.766855 42.547050 0.745410
-76.965842 67.826221 -25.152646 -79.500455 69.822491 -25.992349 0.729227
75.364158 115.675167 -35.167470 77.596129 119.042875 -36.205346 0.849708
65.121848 -93.640954 21.170976 66.977530 -96.145023 21.648057 1.666816
25.960202 31.801606 -33.080030 26.821317 32.669696 -33.848129 0.844376
29.256959 -25.651437 -110.457999 30.271087 -26.452119 -113.738782 1.857986
17.485849 -19.514596 -116.615752 17.987239 -20.249253 -120.158649 1.049695
-120.241719 -26.385399 73.062264 -123.736270 -27.200302 75.259896 1.290874
-76.896217 71.426456 86.416130 -79.590909 73.338810 89.084109 1.601158
74.930649 -79.266244 -57.887576 77.384599 -81.829614 -59.596172 0.887100
-36.399639 47.747949 -44.875133 -37.356180 48.860271 -46.346091 1.506747
-115.339909 122.246905 105.135851 -118.848756 125.959586 108.294149 1.006073
-13.200981 37.637768 -17.708715 -13.570389 38.741035 -18.374260 1.869851
-90.756898 -140.463115 -16.874923 -93.509536 -144.633116 -17.382829 1.889263
16.958576 -19.724118 -17.122391 17.234979 -20.000197 -16.587922 0.659541
-21.115619 75.751646 -0.843278 -21.339352 78.038673 -1.114904 1.704262
-143.610354 -107.170007 -41.386022 -148.037132 -110.442229 -42.635004 0.875155
145.404307 -150.197709 -65.587956 149.895089 -154.775485 -67.611842 0.912445
-20.863586 -24.055210 11.298819 -19.898275 -25.410613 11.197279 0.876450
-94.640951 188.417598 45.340941 -97.565269 194.155794 46.721514 1.232139
79.286891 100.972998 -81.171981 81.741513 104.216644 -83.754509 0.563027
83.541544 -152.942141 -39.363351 86.084838 -157.502030 -40.698451 0.646424
65.845130 -4.771403 -15.402195 67.708194 -5.118549 -16.042508 0.933674
-25.761130 -112.128777 3.888431 -26.642176 -115.289152 4.026564 1.705296
132.806556 -113.135330 41.680363 136.943196 -116.620531 42.858399 0.787573
110.253239 -35.855214 80.584786 113.614429 -36.898560 82.944786 1.207391
-91.537227 82.954329 -49.363888 -94.165068 85.395547 -50.848776 1.877767
23.097981 13.053009 62.182889 24.115967 13.587376 64.438420 0.933772
-40.696040 -81.146216 108.049200 -41.920167 -83.564744 111.108382 1.964043
180.796485 -25.107847 59.594896 186.252117 -25.914713 61.367703 0.992637
-60.644206 53.416236 58.807966 -62.707399 55.011746 60.532255 1.577409
52.370359 -140.791913 -20.830405 53.922058 -144.957384 -21.462768 0.725430
-46.032118 116.007747 167.261630 -47.568397 119.695154 172.428569 1.867655
23.382364 46.396405 10.022678 24.528056 47.258368 10.788335 1.177490
63.911001 10.349438 157.987947 65.879838 10.578353 162.739178 1.182435
-172.385077 41.346429 123.639482 -177.650351 42.677294 127.434234 1.231485
7.861481 48.516809 33.867156 8.812304 47.877535 34.409729 1.121196
65.776973 -49.560843 118.137746 67.680643 -50.949501 121.511569 1.158247
-71.823878 -63.989561 -197.511083 -73.998728 -65.912060 -203.577280 1.975057
68.149085 120.527975 -10.141544 70.237420 124.192795 -10.399355 1.038440
122.391841 6.687316 -37.250247 125.836558 6.893806 -38.418419 0.843645
-81.501706 -113.430512 -53.984602 -83.950146 -116.913907 -55.706441 0.725279
-64.844300 -1.615893 89.183896 -66.635251 -1.538832 91.811170 1.316391
-13.329157 -84.146420 129.405952 -13.762220 -86.562974 133.093147 1.110660
6.069087 12.767629 -19.004870 6.370380 12.738119 -17.596696 1.977196
114.066549 -21.606326 27.718502 117.517962 -22.138611 28.430372 1.055802
89.070010 48.415240 -105.578399 91.821167 49.940182 -108.832296 1.873681
-4.439441 223.020012 -22.770611 -4.593469 229.865798 -23.450857 1.633629
29.893905 127.977211 -97.061166 30.842893 131.846695 -100.111866 1.183493
-128.051245 130.806798 83.004232 -131.972320 134.827857 85.539709 1.834198
84.505214 171.145066 20.099398 87.043946 176.349528 20.720364 0.673300
169.043933 23.154611 -162.730026 170.303118 22.548370 -165.065886 1.231601
1.318892 34.836059 65.406249 1.560942 35.855694 67.139025 1.749346
-58.087412 -13.540460 2.864042 -58.648475 -14.165492 2.842538 1.380445
-65.082150 -56.383917 55.466327 -67.080570 -58.183543 57.277020 1.930028
29.004570 -107.367267 -40.685879 29.750089 -110.663045 -41.882320 0.893090
-5.642018 -49.587217 -4.837329 -5.823642 -50.794657 -5.158039 1.393405
-120.657243 -66.059264 -32.273996 -124.243201 -67.976536 -33.156332 0.855244
16.017043 13.526210 -168.843350 16.521673 14.008855 -174.063745 1.066095
-4.989559 64.868024 -43.215330 -5.008913 67.031558 -44.670639 1.236000
-40.303140 -149.542217 -39.518026 -41.552534 -153.923594 -40.794451 1.146000
35.654766 59.785150 -9.043014 36.628035 58.959908 -9.650989 1.850549
-137.599684 -114.046856 -91.205764 -141.707718 -117.452597 -94.070404 1.632030
84.963892 12.150372 -32.364130 87.375098 12.563087 -33.157004 1.251459
-110.727072 -32.207037 -30.366469 -114.077024 -32.888743 -31.219764 1.252906
-36.258764 119.405630 -4.021316 -37.338748 123.069237 -4.054410 1.898284
26.817644 252.489769 -166.869111 27.802389 260.129752 -172.001399 0.897532
-80.342881 22.210123 -11.499372 -82.773078 22.738668 -11.649592 1.582953
-20.316923 -80.720757 -38.694594 -20.916362 -83.003675 -39.924980 1.286085
1.789251 -109.282333 -39.789582 1.842307 -112.460516 -41.027317 1.737245
54.197413 -55.411100 54.110024 56.634280 -57.630921 56.264636 1.296106
-164.227747 -10.820572 -30.295102 -169.037943 -11.025354 -31.156381 0.901027
80.882224 -21.906845 25.592485 83.037115 -22.421831 26.221578 1.903873
-115.111492 10.608786 16.587055 -118.421624 10.881623 17.067550 1.463318
36.007177 -36.016057 -88.402433 37.006249 -36.990628 -91.762911 1.712560
-138.514674 65.787270 157.286650 -142.820787 67.834496 162.145677 1.552975
-58.507365 105.022678 -161.365347 -60.284989 108.297813 -166.304459 1.555096
1.307042 -30.106703 56.302927 1.489527 -31.078177 57.937883 1.732645
-44.162221 132.532305 -18.528731 -45.449741 136.618398 -19.050849 0.914500
-143.969320 -32.348935 112.898084 -148.430682 -33.322103 116.345455 1.599788
87.580989 -133.820219 -29.264877 90.260865 -137.930159 -30.125497 0.911114
20.656659 -41.040393 -36.356066 20.931527 -42.631375 -36.970719 1.880798
80.401632 -128.705924 -52.586896 82.874582 -132.793287 -54.304590 1.417006
87.988258 -138.024444 71.747029 90.692684 -142.260716 73.833183 1.113491
48.561278 201.538997 101.758782 50.008305 207.737694 104.829491 1.074396
70.070667 79.772835 33.097862 72.333590 82.185856 34.170110 1.339007
36.655874 60.626890 16.611436 37.670768 62.263443 16.969965 1.422849
29.593412 18.301312 -37.893472 30.441292 18.704649 -38.848581 1.140250
-72.643632 5.658816 109.838657 -74.770087 5.865401 112.984144 1.340315
-36.801948 -79.103514 -88.558287 -37.913923 -81.643201 -91.212774 1.129087
-50.856929 -1.522232 -67.009405 -52.359105 -1.432048 -68.917352 0.846110
47.687787 112.091255 119.073683 49.045547 115.610544 122.775684 1.155210
-91.499774 81.397506 -32.657069 -90.485115 83.495886 -26.146589 0.500955
87.475192 78.675575 -3.452638 89.970974 81.046488 -3.627059 1.121725
-123.869211 135.398767 57.296431 -127.707490 139.530995 59.056033 1.653025
-39.465686 -21.582390 52.501863 -40.330560 -21.646074 53.739461 1.914999
98.625001 74.681611 86.856207 101.712834 77.100264 89.558563 1.911727
40.096710 -12.784165 3.120851 40.857449 -13.126749 3.244248 1.248208
-77.344397 -59.325468 -0.380605 -79.610824 -60.969232 -0.460841 1.145580
-129.586550 113.298585 2.666954 -133.424162 116.696753 2.700876 1.462971
-106.453992 6.339665 -10.460763 -109.624909 6.463035 -10.677150 1.418518
-38.048623 30.560123 -70.151686 -39.086134 31.615436 -72.195119 1.261266
-43.420475 -66.650983 -56.971040 -42.910339 -65.659499 -57.726130 1.832125
25.821455 8.527615 -73.188239 26.785222 8.744521 -75.276208 1.929651
172.058923 -26.785440 53.501502 177.242038 -27.516460 55.062951 0.542964
107.548591 105.118725 -142.053658 110.869684 108.411972 -146.421217 0.876529
40.550447 -0.088390 23.670382 41.314293 0.036672 23.106288 0.551836
76.978646 119.628335 73.939117 79.423311 123.240939 76.166691 0.954822
-48.384680 84.299128 -9.465571 -49.879917 86.798011 -10.004033 0.942663
-44.179840 35.137411 -48.104571 -45.864211 35.952422 -49.597421 1.539305
20.876700 -47.113043 69.663751 21.525951 -48.430971 71.427006 1.892679
172.489673 24.566252 -116.373839 177.750831 25.345023 -119.934489 0.730569
-17.089634 18.846267 -33.325226 -17.104791 19.907400 -33.047237 1.399325
87.162414 -26.916660 -1.383102 89.642154 -27.667922 -1.582832 0.948461
148.815619 26.039555 -80.209967 153.398180 26.762278 -82.663775 1.354819
-35.172893 -34.496434 35.086884 -36.204374 -35.689501 36.455462 1.561622
43.671643 -76.629649 77.086290 45.082579 -78.925770 79.427950 1.016880
-1.206208 -24.002616 77.161045 -1.270880 -24.867136 79.396281 1.207943
5.873384 36.864198 -2.818123 5.748190 37.809350 -2.774225 1.673316
75.814748 84.002758 -67.969458 78.268589 86.645841 -70.139950 0.784573
92.297648 137.252911 -12.834437 95.059529 141.343590 -13.263134 1.643083
-59.524292 57.574334 -55.322069 -61.353350 59.393154 -57.124911 1.341198
-31.542307 41.731802 -42.442483 -32.583590 42.014500 -43.453718 1.502234
-23.130154 -113.079898 -86.854627 -23.842015 -116.336440 -89.393936 1.986498
-75.013022 -67.661550 -12.985907 -77.068963 -69.474426 -13.421669 1.740900
-243.433282 178.068307 -103.115579 -250.959811 183.613874 -106.285654 1.383056
30.272383 -32.606480 -7.442260 31.018129 -33.046787 -6.959922 1.132041
42.067436 -17.465507 8.015608 42.251759 -18.837285 8.773689 1.006638
-17.035114 43.826306 26.992258 -17.786536 44.779612 28.343455 1.173808
19.047630 -14.082810 0.532133 19.292425 -13.515339 0.428737 1.235939
-45.181840 -51.232599 37.462393 -46.441866 -52.602190 38.554454 1.679534
152.786953 -35.751747 -65.957729 157.497915 -36.813691 -67.928479 1.103945
-120.808000 86.675878 -22.471795 -124.437938 89.309091 -23.254702 1.530103
16.328135 -31.882840 50.616482 16.618504 -32.185973 51.787420 1.778563
-36.288347 5.747219 28.328284 -36.831001 5.341283 28.143668 0.945315
14.375418 -25.703293 -11.277578 14.218140 -25.627755 -11.133218 0.830268
33.192583 -135.897106 -13.594219 34.136748 -139.984946 -14.062329 1.715235
22.071644 29.791157 124.959009 22.670891 30.681069 128.631489 1.389095
-68.930262 14.761742 -15.197854 -70.897386 15.167898 -15.718155 0.699513
-21.503087 -31.884043 0.055118 -22.440310 -32.561895 1.271953 1.490320
51.774825 -126.297427 -54.890834 53.399389 -129.968822 -56.598454 1.373356
-37.457659 64.836320 216.307728 -38.656853 66.830081 222.888728 1.297256
161.446052 95.802941 80.183028 166.459538 98.786704 82.570350 1.173556
52.867872 -41.825193 -16.813554 54.596155 -43.293239 -17.094710 1.598616
234.529786 -200.773069 48.264208 241.703049 -206.950395 49.620537 0.504687
-7.434536 -69.859880 69.878387 -7.875292 -72.023182 72.119298 0.774936
-55.213921 6.862710 83.070385 -56.837176 6.998094 85.446944 1.294790
-66.880413 71.827469 114.817855 -69.023121 74.098059 118.359895 1.860379
170.925648 -29.286314 -16.443434 176.172096 -30.108665 -17.008675 0.849560
29.620651 -24.699226 62.721521 30.265939 -25.426874 64.895819 0.773688
89.081491 90.840557 68.165525 91.875203 93.788471 70.299209 1.208431
12.775950 137.857955 -43.063092 13.165422 141.949713 -44.477188 0.945528
-22.034847 9.498794 -2.984496 -22.624854 10.078717 -2.203955 0.644549
-95.193499 -74.329371 -16.906998 -98.035734 -76.534328 -17.453556 1.958078
19.233892 -25.053087 -24.374363 18.815937 -26.026639 -25.820475 1.928314
107.688417 71.065743 -95.523291 111.058999 73.211798 -98.523196 0.953737
-55.545121 35.328637 110.903608 -57.225940 36.292606 114.239279 1.165362
164.605476 -42.381062 115.658825 169.647019 -43.651178 119.261923 1.365424
63.708636 76.921619 -28.990078 65.598948 79.117631 -29.769792 1.874843
-50.441299 168.715634 66.580431 -51.945062 173.929540 68.437757 1.937975
129.015186 -97.461881 -6.124314 132.983216 -100.365190 -6.234882 0.826235
-31.106548 -163.795986 65.254265 -32.093064 -168.699113 67.139231 0.874566
-18.974004 54.693672 53.742735 -18.997364 54.861324 53.728951 0.762552
7.735876 46.346923 -1.177382 7.873539 46.460780 -0.462949 0.902419
22.135878 54.362409 -11.178635 23.170101 55.057185 -10.890373 1.053742
95.737767 -95.000433 30.067958 96.725349 -95.800181 30.157793 1.888993
-101.529808 -28.138598 92.853456 -104.535317 -29.037944 95.559497 1.240086
-66.499402 -88.671214 69.099011 -68.619153 -91.321803 71.350845 1.251372
-9.808679 -88.273861 69.747880 -10.103435 -90.771954 71.736934 1.211157
99.096765 -30.564046 29.831103 101.986788 -31.391162 30.595067 0.512529
49.975434 68.670696 -4.371274 51.331100 70.520644 -4.545467 0.674874
94.686774 -1.790082 -21.743234 97.517658 -1.924638 -22.294581 1.785384
11.499194 -39.189101 9.665481 11.513710 -40.531917 9.359981 0.727967
10.830304 -127.096557 86.996361 11.015244 -130.933470 89.458539 0.641881
-131.010514 -122.838472 65.110761 -135.056671 -126.571353 67.106697 0.653219
143.922613 -117.527740 -58.866794 148.299831 -121.091480 -60.692910 1.170288
135.830589 75.680920 13.351355 139.966017 77.962882 13.786931 1.599501
-38.513202 -26.087740 -7.472147 -39.143539 -27.454654 -7.983077 0.616758
50.373729 -149.644678 -79.697067 51.977219 -154.153059 -82.160260 1.909795
67.336112 -71.208743 -133.648298 69.393565 -73.399127 -137.845436 1.651907
-37.563753 33.305002 35.827427 -38.701705 34.158188 37.290636 0.750065
79.620617 -89.402474 2.695307 82.115649 -92.104660 2.898010 1.103576
184.618844 107.159145 -128.295450 190.261500 110.428012 -132.341854 1.235935
-109.460170 -10.476222 86.000226 -112.667471 -10.858006 88.619603 1.301720
19.783058 49.249465 109.825256 20.343741 50.668765 112.859434 1.871274
-23.399607 103.749534 -18.647335 -24.048710 106.726072 -19.183096 0.530122
-10.139833 26.545729 -1.187984 -10.218730 27.447300 -1.168295 1.518260
94.828013 17.278723 -27.164079 97.475195 17.894688 -27.917864 1.159220
56.697551 -74.843374 -1.156632 58.375655 -77.052608 -1.020892 1.939152
-122.992965 -61.202277 126.115597 -126.709840 -63.032870 129.801120 0.966493
94.319766 36.360125 130.919227 97.046762 37.531080 134.782119 0.704836
71.024747 -7.787029 153.539491 73.090353 -7.996264 158.011604 0.619278
76.447730 -139.320333 32.165466 78.846035 -143.599536 33.193912 0.679092
322.113153 427.292030 433.031687 332.074590 440.637461 446.403471 0.879228
44.599005 -52.000457 39.505692 46.055895 -53.758187 41.012454 0.614980
-61.794830 -32.125911 -0.132908 -63.620485 -33.148288 0.125474 1.398032
-254.100531 84.890840 60.462014 -261.967875 87.517888 62.255571 1.308543
71.277498 -23.489501 44.371026 73.220568 -24.175650 45.469384 1.482883
-109.437796 24.427955 -29.256891 -112.833641 25.071072 -30.015067 0.854275
-43.760529 -80.740967 76.182916 -45.041775 -83.494630 78.482496 1.142785
-11.537678 63.034173 58.481801 -11.743612 64.816932 60.090993 1.478086
78.902023 -143.787219 -35.801109 81.277188 -148.005194 -36.953304 1.395501
7.947876 -64.807416 -32.840931 8.440229 -66.543733 -33.831572 0.672226
18.439666 -57.073733 -107.352640 18.947907 -58.775764 -110.701081 0.515678
11.094832 -25.571600 21.944456 10.940266 -25.857901 21.887825 0.921037
282.970763 -69.814719 -161.043116 291.754690 -72.013087 -166.118107 1.459618
49.609459 19.284757 35.543244 50.679499 19.986570 36.501762 0.563882
-4.421126 -50.210695 -98.401059 -4.546956 -51.571792 -101.214619 1.429735
35.878264 -83.018322 64.941446 36.317517 -84.049217 65.053606 0.846823
-93.051646 43.726518 74.777202 -95.957464 44.918258 77.054907 0.674445
37.128303 -22.826707 -7.785806 36.854719 -22.936708 -7.936865 1.881389
144.089756 119.021155 45.438142 148.332534 122.585563 46.737995 0.669471
14.932457 41.201636 -3.164142 14.778295 42.626330 -3.163114 1.743072
-41.655591 116.557724 4.289994 -42.944960 119.997758 4.307296 0.854947
10.220657 -67.425445 -92.233885 10.610853 -69.406310 -95.059972 0.953882
79.136470 157.639370 109.542842 81.582608 162.444490 112.819684 1.078205
-33.125476 35.817456 19.804565 -34.146031 35.657608 20.289712 0.783421
63.252008 130.987419 -246.760738 64.133855 132.887827 -249.084735 0.931397
-69.547453 -3.259068 71.708024 -71.689449 -3.477734 73.803457 1.428464
-62.720315 76.979276 65.800926 -64.847108 79.625131 67.766192 1.301796
18.707733 -60.255456 -205.039319 19.187951 -62.150602 -211.373592 0.575446
-193.025776 91.258605 113.438143 -198.970609 94.102053 116.919138 1.056529
-28.408398 -23.681955 -106.121787 -29.271315 -24.413130 -109.197132 1.700350
-38.362022 -4.248515 13.058743 -39.633260 -4.858642 13.183813 0.956293
32.642156 7.567943 22.680707 33.942629 7.724069 22.081547 1.721614
15.636661 -72.097444 -65.086269 15.874696 -74.248329 -67.064891 1.097929
148.780202 -111.506902 94.552497 153.370354 -114.889125 97.457303 1.705401
-211.171715 13.842690 128.575324 -217.671949 14.296139 132.522014 0.885110
-111.248192 37.630332 -16.106933 -114.632979 38.648438 -16.680800 1.543214
-149.294692 54.194789 8.561512 -153.861930 55.864269 8.850121 0.775213
-36.071782 45.913388 -52.766561 -37.153273 46.982567 -54.471203 0.676118
-12.976456 -28.079919 81.515891 -13.218955 -29.068112 83.816417 0.915932
58.265065 -3.643740 -51.594225 58.684072 -2.645108 -51.326442 1.208206
-88.003924 -112.126546 -103.261351 -90.509652 -115.501839 -106.340014 1.429005
51.768432 -55.287423 -51.096677 53.489818 -57.060299 -52.616805 1.224625
12.704677 -23.035834 124.508036 13.018832 -23.668427 128.085244 1.721730
50.498080 -125.081210 119.978473 52.041460 -128.963999 123.625377 0.869010
-44.222106 0.486266 29.176974 -45.577359 0.387161 29.886450 1.163660
-51.398099 -46.404802 -39.455501 -53.320031 -47.776589 -40.639485 1.376152
148.375722 -1.510240 90.932256 152.957103 -1.573302 93.617246 1.058538
41.322760 -24.919547 97.419029 42.441633 -25.637807 100.223951 1.640219
79.888370 15.929252 85.156639 82.163604 16.459201 87.559750 1.139368
26.909916 -197.082307 -115.920527 27.635766 -203.083980 -119.597050 1.632475
-13.492805 37.846882 7.875439 -13.579336 38.874870 8.329034 1.036718
-111.880296 506.801853 187.440887 -114.672913 516.666745 191.332337 0.540565
86.743941 39.900230 -119.943191 89.443719 41.200074 -123.568741 0.635248
21.223697 -24.583328 -72.835690 22.183459 -25.467415 -73.721621 1.994439
26.885416 95.158827 1.869018 27.658341 98.056167 1.907153 1.507394
-7.502757 -27.301240 17.854815 -7.738263 -27.947470 18.435041 0.904879
14.184831 61.506702 -12.021450 14.603855 63.243474 -12.300737 0.974366
38.202631 -106.501681 -15.670761 39.465643 -109.595862 -15.976130 0.764476
-11.715450 -10.522431 99.488503 -11.096733 -11.168129 100.211144 1.401857
-32.595273 -22.927367 33.679449 -33.571133 -24.191586 35.131288 1.339213
56.217451 25.930799 38.919676 57.699458 26.849825 39.978673 1.174964
-61.798915 28.222420 -68.617495 -63.506937 29.156524 -70.611149 1.253135
68.434031 96.015262 81.294889 70.593744 99.048885 83.780692 1.953747
-3.842910 28.470045 -69.958316 -3.588813 27.738977 -70.056054 1.614214
-64.285934 -78.827285 19.493504 -66.231786 -81.000271 20.105228 0.906191
81.165128 -130.960116 -55.440216 83.685194 -134.802008 -56.951431 1.596016
-168.268572 144.336300 -70.637006 -173.505347 148.830814 -72.797536 1.841077
-64.330250 -123.494227 -54.499683 -66.230882 -127.065492 -56.164752 1.217539
28.446385 -140.089398 122.724074 29.209558 -144.349040 126.417749 0.815180
-173.083924 68.137846 70.347345 -178.428287 70.273242 72.550589 0.891358
-148.609765 -15.623130 35.723179 -153.096882 -15.963209 36.780225 1.604318
23.199556 15.740577 -27.255115 23.002826 16.417007 -27.574795 1.184956
67.438701 104.363756 -100.056530 69.480899 107.636462 -103.087340 1.541829
68.970747 91.692098 139.294522 71.025022 94.414935 143.284674 1.047710
110.090139 31.440396 126.151359 113.444670 32.361746 129.853031 1.224544
-118.338451 147.035273 -82.976778 -122.003052 151.552081 -85.489751 0.518732
88.965030 113.077348 -145.440779 91.697301 116.589991 -149.943367 0.535241
83.067320 85.863444 52.458714 85.394415 88.386889 53.988346 0.890942
-48.105689 -6.626027 -197.389060 -49.583587 -6.815092 -203.490012 0.544184
-23.990571 -39.362108 -40.773615 -24.759811 -40.134932 -42.109843 1.228061
46.044008 43.257855 -43.116523 47.886931 44.683411 -44.489904 1.807250
-20.953562 -21.639034 -5.274140 -21.895646 -22.311029 -5.596838 1.314220
51.298040 -50.155826 63.373974 53.094639 -51.642430 65.219624 0.700859
-48.962536 144.979073 -16.144813 -50.448718 149.373920 -16.660719 1.174365
73.286343 -19.867132 69.575493 75.400709 -20.593544 71.611060 1.986284
-80.539883 -95.298928 -40.792577 -82.972248 -98.284554 -42.106528 1.604188
57.675061 134.017912 -159.567767 59.383554 138.098725 -164.408039 1.955503
-300.414194 157.928110 -33.266739 -304.041008 158.986274 -33.369349 1.890703
52.766930 17.081453 53.203062 54.099084 17.562395 54.486311 0.919334
-10.742815 7.140070 -27.851330 -11.597319 5.884726 -28.202332 1.718884
33.755493 187.704718 160.556907 34.788238 193.472779 165.369149 1.139223
-38.484969 -104.379308 44.058695 -39.708732 -107.617400 45.373606 0.692261
-0.027872 4.612999 -135.628994 0.005937 4.779451 -139.765986 1.267776
-25.719295 68.805860 -116.719634 -26.465061 71.004524 -120.170953 0.607019
72.179979 33.489925 70.679392 73.747670 34.644592 72.843276 1.999796
107.520946 27.571726 -3.888999 110.515807 28.403198 -4.022666 1.797116
97.019214 1.488888 70.363215 99.815819 1.534428 72.374689 1.099919
-48.052070 -59.028955 66.355621 -49.603778 -60.876582 68.373537 0.532508
119.500772 -276.873495 379.907744 120.094923 -280.380004 384.255670 1.423804
75.151568 40.282339 -31.702749 77.245039 41.376764 -32.650832 1.656621
-56.564315 -156.940722 -95.687998 -58.276152 -161.652812 -98.647184 0.530982
-9.937539 -107.493983 101.713783 -10.370758 -110.653682 104.692397 1.766906
1.800337 -22.802877 94.009058 1.732810 -23.306547 96.610252 0.626246
60.477037 -72.564711 96.091674 62.474705 -74.685242 98.970208 1.870475
49.569334 -213.259654 89.511204 50.666206 -217.882871 91.386589 0.978817
-4.022623 -25.182255 18.658828 -3.706495 -24.378726 17.716949 1.377257
37.182341 -85.298162 -161.341168 38.298958 -87.944362 -166.323036 1.156431
-42.685282 -10.137850 -5.531821 -43.832936 -10.273724 -5.426919 0.959889
72.068703 33.200838 70.508968 75.605078 34.371838 72.862763 1.025868
17.831255 45.537978 -36.598020 17.735545 46.224517 -37.849059 0.742952
41.310820 -36.881924 -236.346241 42.563837 -38.045292 -243.693780 1.037884
-86.737403 58.444283 38.766396 -89.257103 60.141759 40.005415 0.501711
-5.314616 -95.990615 -128.538190 -5.453674 -98.896155 -132.384641 1.941487
37.484764 -39.492326 -92.429072 38.715112 -40.541916 -95.116586 1.566343
27.442257 180.573890 93.187689 28.215939 186.126427 96.028875 0.618391
44.683063 -26.449851 -26.565228 45.850207 -27.410993 -27.231917 1.424311
183.999339 -155.363468 -102.160804 189.690564 -160.123847 -105.364479 1.741027
-26.918214 -151.745974 -94.256088 -27.754562 -156.359674 -97.180358 1.464496
18.855372 26.268677 16.210256 19.685922 25.053500 15.823078 1.967075
26.874008 -11.747273 51.355582 27.692137 -12.043869 52.775808 1.850087
93.996193 52.969660 -66.982793 96.772586 54.720387 -68.848946 1.528797
68.350470 118.143473 -87.050234 70.452910 121.876180 -89.829105 1.539237
73.203815 -170.621624 -111.994394 75.475223 -175.821526 -115.493949 1.033515
21.786607 -64.167528 -91.050672 22.443488 -65.944990 -93.651474 1.332879
-37.119132 -1.572931 13.756323 -38.239628 -0.951723 14.597470 1.251634
67.743850 -146.293841 50.696478 69.778546 -150.773546 52.226014 0.623950
-32.663332 -7.858442 4.247383 -33.835455 -7.470950 4.285465 1.371694
36.314154 -1.109100 11.584729 37.566688 -1.607245 11.676548 1.463184
-29.441773 60.501145 4.035947 -30.451401 61.307190 4.072945 0.506976
146.606961 71.721453 106.240549 151.155692 73.834957 109.449167 1.002501
-195.113442 38.527094 8.504422 -201.032869 39.740587 8.740317 1.915371
-31.430950 17.341709 21.744623 -32.230600 17.629795 22.517604 1.399469
18.507765 61.809048 7.421813 18.033879 62.350148 6.963899 1.430044
38.479267 -207.840037 67.259459 39.694005 -214.203404 69.278431 1.514267
87.601898 23.776886 -33.822975 90.102148 24.326852 -34.886606 1.875778
-15.155254 149.558792 -10.637016 -15.630271 153.963253 -11.006150 0.909610
-75.933741 139.301438 -46.927879 -78.148044 143.425430 -48.392871 1.671855
-64.435125 -75.348460 23.449558 -65.156644 -76.705211 23.509782 1.557439
66.650571 39.693240 -38.035184 68.644366 40.818835 -39.243898 0.529446
-133.443251 25.785680 -20.354348 -137.270146 26.401785 -21.033380 1.158999
67.166638 8.420426 106.362827 66.743730 7.563740 107.177903 1.845470
9.718312 13.058927 15.017421 8.327107 12.881789 15.061774 1.436690
-82.363905 24.894653 141.820018 -83.612947 25.578155 144.381450 1.857054
32.981895 2.082848 65.160030 32.972963 2.295858 66.075730 1.282389
40.611809 -55.369302 65.429882 41.807226 -56.822888 67.416341 1.159839
20.242927 213.772233 28.473824 20.769858 220.282273 29.340039 1.003116
-10.638093 62.495992 55.648046 -10.832338 64.110601 57.585305 1.027157
-28.829668 -27.575823 46.032963 -29.547853 -28.101263 46.162842 1.317956
-131.309416 -31.085301 -117.279240 -135.829614 -32.286630 -119.252158 1.560165
-38.000702 23.420426 -34.921796 -39.513721 24.611638 -36.267958 0.897273
209.117624 -20.878905 -115.841543 215.460944 -21.444286 -119.449191 1.203086
-51.779563 9.627569 -4.113887 -53.413228 9.393949 -3.915892 1.019247
-27.328452 6.412958 17.022608 -27.748821 6.333091 18.178565 0.729889
43.146361 56.433225 167.006028 44.395504 58.158037 171.945574 0.821630
-103.117151 -30.833323 -84.761908 -106.547994 -29.914526 -85.778288 1.184976
84.827324 -90.171749 -17.734636 87.342708 -92.739274 -18.266567 1.599880
-70.513991 -105.819552 -28.901088 -72.291253 -109.533266 -29.671624 1.697619
-25.130775 37.943534 55.436611 -25.617347 38.929599 56.804029 0.685990
59.381148 115.722665 -118.195961 61.189921 119.226400 -121.798452 1.911727
-30.214150 -64.495666 -88.530011 -30.128032 -65.782010 -89.636673 0.737885
43.920122 127.091935 -102.127670 45.333288 130.980259 -105.285507 1.884612
3.367168 -26.721698 -13.605172 2.587615 -27.182980 -13.493342 1.127435
4.094512 31.572038 65.207085 3.821778 32.853159 67.554113 1.235847
107.958900 96.005908 33.273060 111.046020 98.849438 34.246424 0.871895
-33.216977 -7.446001 22.459946 -34.161703 -7.427890 23.085890 0.863363
-49.839733 2.803621 -43.923664 -51.425387 2.470079 -45.196654 0.788091
-116.730861 29.109496 -28.596324 -120.097981 30.005915 -29.393592 1.769733
171.764294 -81.645653 -129.023360 175.544121 -83.684687 -131.175159 1.881898
129.259130 -83.664562 74.339145 133.110801 -86.152807 76.469199 1.273863
-148.382459 -53.814319 7.900151 -152.866086 -55.370664 8.216367 1.370304
-142.062469 -10.853994 81.855850 -146.250212 -11.223756 84.301665 0.853630
-6.975619 108.542348 -31.452644 -7.040183 111.780641 -32.545158 1.552996
18.195612 -65.349384 -81.584228 18.755015 -67.184800 -84.016381 1.693789
31.672660 -81.988051 -33.680529 32.590902 -84.642023 -34.923979 0.937873
-43.525606 95.172090 -112.203216 -44.976445 98.094318 -115.730381 0.586978
-99.987563 61.135503 -12.173867 -103.107546 62.864737 -12.411389 0.800553
112.343022 -79.646884 -97.764963 113.768678 -81.137397 -98.586802 0.681816
-4.590175 15.014766 16.185369 -5.222817 15.986061 17.333902 1.532267
-48.154955 -22.837260 28.654932 -47.621025 -23.038860 29.543800 1.576595
19.800874 59.827156 58.746154 20.457998 61.415024 60.448076 1.659291
58.596003 -112.226069 -72.028066 60.336626 -115.717630 -74.273163 1.220570
-95.415268 2.927076 57.658949 -98.395616 2.826509 59.380189 0.599368
-70.741217 -62.343780 -76.116427 -73.042665 -64.416238 -78.410420 0.541773
31.410979 25.445577 45.886975 32.378101 26.107882 47.176298 1.573645
-55.047955 -60.296403 32.871340 -56.674138 -61.841029 33.881158 0.815724
-20.795207 -25.738109 11.405003 -21.631261 -25.350343 11.108641 1.159683
-25.623668 26.823793 -28.967523 -26.656448 27.370863 -29.790872 1.422840
-23.137374 52.726149 60.498399 -23.978910 54.336907 62.292158 0.634956
83.262637 58.335529 54.656442 85.697926 60.145857 56.295163 1.135175
123.918318 115.656341 5.871944 125.067852 115.904984 6.829986 1.629128
-44.783593 -7.218211 -39.666566 -44.619008 -6.763684 -40.219838 0.736390
72.248579 -74.080305 86.414057 74.435284 -76.243090 88.916237 0.917353
196.045462 90.173875 -169.998538 202.106756 92.922805 -175.325345 1.986123
-29.703837 -33.511369 -26.085915 -30.730552 -34.683641 -27.347841 0.779593
16.815072 -44.080354 -28.018752 17.563184 -45.595903 -28.621938 1.899292
-17.836663 89.234294 29.999942 -18.439325 91.819674 31.005569 1.651253
39.889671 -22.208674 45.991238 40.930258 -22.743887 47.455689 1.507447
4.656632 32.331623 65.192146 4.673309 32.554778 67.189458 1.433112
-6.376424 45.096190 88.887923 -6.568945 46.450550 91.340283 0.565130
-26.177514 -20.324309 4.116386 -26.398947 -20.261449 3.516968 1.282529
-113.505604 -94.426665 -94.971705 -116.929758 -97.276239 -97.894073 0.833889
-57.874527 -11.032690 73.799922 -59.638966 -11.347076 75.968824 1.831552
25.957139 -228.473432 95.910310 26.770885 -235.542774 98.825869 1.388804
-43.154278 25.762007 108.168536 -44.455955 26.529827 111.175890 1.975723
-63.040159 35.349442 67.945728 -64.807251 36.408977 69.687205 1.715334
90.652124 -87.347296 82.766572 93.457504 -90.047947 85.233501 1.851172
-66.171433 -29.378905 -75.618891 -68.100768 -30.359392 -77.805291 1.039113
-50.893419 -79.589336 -91.773717 -52.387017 -82.187284 -94.663934 1.764832
34.330743 95.507104 27.658600 35.409985 98.438287 28.654757 1.288898
13.035403 -27.644768 4.889572 13.138044 -28.563925 4.962156 0.917661
13.366732 30.762919 -138.000943 13.849365 31.678701 -142.199235 1.709665
73.834232 55.566893 -19.693152 76.074566 57.204577 -20.373713 1.843138
-200.038208 -111.216331 -226.623522 -206.255661 -114.590450 -233.677706 1.602887
48.620507 104.981044 173.429174 49.690418 105.701428 174.526201 1.957295
-132.899162 -77.014352 -96.788633 -136.834446 -79.334478 -99.720362 1.975852
10.407625 -17.298613 25.204156 9.960431 -17.718277 25.837375 1.789229
121.042273 -65.104316 73.579956 124.791822 -67.068097 75.697684 1.283229
34.378454 19.038607 -61.760668 34.572849 20.152489 -62.971006 1.656459
-57.278045 1.614186 92.441176 -58.969881 1.690994 94.973941 1.397897
124.608821 88.187062 83.985194 128.341445 90.908866 86.478968 0.933407
45.362747 38.118765 34.929443 46.437247 39.541551 35.992649 1.190893
107.103130 40.191908 110.205547 110.270855 41.467225 113.522134 1.139000
-23.111425 -7.304696 3.670292 -23.367323 -6.737397 3.469600 0.539209
75.941421 -53.058736 -7.091812 77.853243 -54.459962 -7.356489 1.662084
104.718933 96.309742 -116.543356 107.991354 99.368794 -120.184241 0.671659
-193.146964 61.048427 129.313553 -199.119134 62.989024 133.235403 1.812421
54.564666 17.020572 -179.960074 56.376115 17.463120 -185.512287 1.170456
-22.448314 77.256703 -11.719232 -22.881133 79.513434 -11.894487 1.436135
-50.631679 5.220365 83.417725 -52.164832 5.391782 85.779116 0.567475
56.142364 31.295710 -6.407699 57.662743 32.293830 -6.613090 0.727661
128.699815 -71.541290 120.595006 132.588547 -73.739911 124.190235 1.689657
-9.732815 9.525647 65.362191 -10.664810 9.029231 67.051525 0.885809
-74.800544 -40.338004 -46.863500 -76.132501 -41.030106 -47.547727 0.842844
-13.124698 -25.267894 -16.518535 -12.916376 -26.226554 -16.296433 1.931393
9.196363 -20.740281 -53.616805 10.385044 -21.803479 -53.845160 1.637193
-38.613770 4.155985 4.656448 -39.564766 4.198153 4.848651 0.607960
-91.085096 -52.623028 36.502918 -93.538098 -54.062715 37.463831 0.728291
-2.359079 -96.368344 -39.320449 -2.516483 -99.151881 -40.378469 1.691815
-13.041435 -54.950373 82.459653 -13.451655 -56.468286 84.615878 1.554776
-108.587660 250.219278 -67.851136 -109.625751 253.314203 -68.689019 0.837406
66.585999 152.463010 76.492585 68.667840 157.161938 78.778918 1.037596
-8.092996 -20.566712 28.930717 -6.814596 -21.694803 29.720889 0.816722
-76.094535 -116.333563 -23.026580 -78.302253 -119.592718 -23.780028 1.461539
106.949624 156.631985 -139.322645 110.223729 161.493061 -143.687116 1.451881
-181.967065 -9.557207 94.774725 -187.599920 -9.829846 97.623868 1.309652
38.292830 -76.480277 0.122467 39.251070 -78.618330 0.168213 1.039673
-109.842469 7.836580 -94.519061 -113.002591 8.065996 -97.353896 1.939765
39.881536 397.649752 102.764084 40.295316 405.353762 104.671164 1.496830
185.611581 -103.308609 -49.917377 191.331383 -106.479439 -51.508455 0.575592
-51.629490 7.997132 -65.757605 -53.064730 8.270537 -67.364889 0.838016
-173.492415 -12.548722 54.715017 -178.729851 -12.932925 56.386005 0.608872
-201.816989 -63.233376 -109.891868 -208.036841 -65.253278 -113.270450 0.740774
-68.991687 -87.141402 41.879353 -70.606882 -88.507844 42.237798 0.529352
-76.784134 -63.946222 -88.746940 -79.123836 -65.827245 -91.441178 1.375063
435.672279 228.524956 99.450041 449.094548 235.648837 102.568334 0.541619
-10.747029 34.711431 -41.966991 -11.459570 34.803555 -42.277799 1.147066
125.537178 115.310460 -62.555593 129.429128 118.895288 -64.593307 1.203752
-42.787681 -19.559222 -1.340557 -43.567460 -19.670553 -0.656335 0.744804
113.600783 -17.797647 149.090072 117.226417 -18.680230 153.716465 1.529658
15.942664 -31.675181 -17.706374 16.756510 -32.644727 -17.943334 1.542958
-86.262775 -112.480208 -98.622375 -88.901694 -115.832697 -101.769590 1.770808
-88.743218 -11.946370 -138.176041 -91.419452 -12.323452 -142.436017 1.602224
130.795292 127.421542 -99.606078 134.790650 131.427753 -102.749716 1.240013
129.709556 153.518766 87.305169 133.673387 158.196163 89.884240 0.505183
62.620505 8.727803 -0.841519 64.368013 8.710406 -0.759830 1.385501
68.777766 109.463004 -9.721779 70.663747 112.673037 -10.013544 1.068989
37.112884 -123.036622 -152.527048 38.279482 -126.735640 -157.276996 1.282206
-40.636726 11.046538 -0.720596 -42.313419 10.965940 0.152751 1.299429
66.544158 -17.195124 -5.485969 68.299545 -18.033544 -5.763065 1.832274
9.016117 -28.496586 -79.431488 9.054560 -27.558699 -83.306056 1.097050
-2.461954 68.720161 83.125686 -2.448045 70.706660 85.471028 0.545609
70.715347 39.174102 -38.428531 72.774539 40.433211 -39.361015 0.760457
-26.676645 5.366628 29.403578 -26.969109 6.658240 30.125243 0.974571
32.252826 -72.128021 53.278809 33.225104 -73.973624 54.753586 0.556866
-68.108292 -111.991664 47.326597 -70.255807 -115.350923 48.814175 0.935855
14.110638 13.431127 25.770435 14.712080 15.051605 26.704213 1.087214
30.923693 56.237213 -13.324032 31.514723 58.408049 -13.656379 0.552024
27.103276 138.897918 -110.508736 27.929907 143.039709 -113.901114 1.787361
-52.289012 142.629588 -26.868319 -53.843111 146.922677 -27.659200 0.716116
6.750361 121.012045 75.379980 6.912027 124.494672 77.643417 0.997348
70.472963 37.347659 153.169139 72.726233 38.519785 157.832942 0.806246
6.759499 2.192512 -6.842451 6.698612 1.227967 -5.930544 0.788922
6.192138 -206.155747 6.577410 6.411458 -212.399692 6.795088 1.163189
-144.550263 32.969333 -128.569947 -148.939749 33.885879 -132.527593 0.633509
0.487454 -139.572305 90.596593 0.403777 -143.775759 93.277301 0.557480
-80.828605 -71.465602 127.028787 -83.293525 -73.618693 130.829824 1.769040
-10.405620 65.695722 -137.941720 -10.738607 67.676144 -142.167931 0.512493
-44.400365 -70.813180 155.473901 -45.681172 -73.015196 160.007052 0.970432
96.574362 -22.569993 58.002897 99.545676 -23.093434 59.759556 1.492794
17.236264 2.990101 119.450170 18.262689 2.815007 120.098102 1.476480
-136.383469 132.336505 -39.164230 -140.574046 136.384785 -40.343532 1.038647
37.335731 40.991550 38.981621 38.919207 42.673029 40.550865 0.795182
10.698435 179.996384 -91.027305 10.967876 185.558446 -93.806451 0.619303
151.581259 56.597767 -45.585766 156.102518 58.346499 -47.033756 1.237439
154.785956 28.241028 -6.624831 159.337160 29.111824 -6.932235 1.358478
69.121562 116.912142 -139.684886 71.253830 120.579553 -144.046159 1.620178
441.271232 -82.190072 126.385025 455.035100 -84.788569 130.241916 1.891155
66.742210 -60.593883 -12.833353 68.728607 -62.262494 -13.309899 1.407966
53.964191 13.165789 -38.551579 55.542440 13.672940 -39.480387 0.546257
-39.801345 -39.951765 -18.218230 -41.240293 -41.042723 -18.073512 1.550134
-26.301759 -107.328292 -9.902011 -27.059954 -110.240580 -10.188835 0.931842
113.621736 -47.534517 135.918511 117.037661 -48.864182 140.069226 0.795657
-106.806108 123.950785 75.039799 -110.165342 127.811830 77.284019 1.512396
32.092032 112.153846 -137.853775 33.072586 115.653582 -142.151556 1.358092
48.804778 111.873120 145.518494 50.234187 115.310581 149.851029 0.734285
16.036867 4.782768 5.812205 15.715282 5.397041 6.019664 0.597774
-87.654808 -57.054841 129.591736 -90.437959 -58.694392 133.547683 0.581452
-28.561382 -121.430770 -42.471056 -29.590558 -125.075874 -43.738296 1.312176
-85.801252 160.905362 -5.972475 -88.414177 165.821042 -6.173637 0.846850
-119.281840 30.171468 -191.702168 -122.918243 31.068506 -197.680094 1.350252
-30.832069 -151.745491 96.162611 -31.780589 -156.215959 98.972152 1.024545
16.687927 -213.399430 -77.616876 17.195933 -219.939381 -80.065770 0.882954
94.639713 -5.024238 -75.930410 97.605018 -4.982113 -78.209829 1.725330
24.434300 -1.106906 -17.247798 25.406148 -1.242312 -17.559449 1.785169
-16.755003 -63.211148 211.321813 -17.242574 -65.180136 217.780674 1.659641
-19.432587 11.517674 3.020048 -19.376996 12.232475 2.613671 1.189316
137.567893 -164.897353 35.867433 141.825955 -169.883956 36.818345 0.583630
-54.838540 -125.881437 -63.470444 -56.478224 -129.522073 -65.360162 1.823287
57.988386 52.356633 -65.726776 59.773009 54.207754 -67.703512 1.348905
-665.954824 -2723.068295 825.550825 -686.600243 -2807.202650 851.075515 0.828563
8.085911 -12.267089 -68.240660 7.668084 -13.595594 -69.821023 1.895201
-6.297716 -75.431864 119.415414 -6.549574 -77.651064 122.716143 1.883719
-7.887442 -6.514388 -94.209919 -8.206833 -6.824518 -96.952663 0.832570
145.038789 -121.041016 45.951639 149.501491 -124.783432 47.280116 1.536111
-136.832855 228.528757 -115.883179 -141.050821 235.600224 -119.434525 1.513777
53.146338 200.888847 -28.409888 54.748708 207.003772 -29.344127 0.774097
-94.817689 132.174745 16.285601 -97.715017 136.257212 16.654496 1.309754
-56.421494 -53.907162 67.512592 -58.327669 -55.642654 69.615777 1.598392
-23.713454 -6.238461 14.266753 -24.231993 -6.311028 14.964510 1.345392
-73.976317 266.812710 745.052185 -75.423307 268.724192 753.130521 0.676144
6.708938 65.470652 -2.905831 7.061965 67.250425 -3.023319 1.784392
111.174601 111.723300 -117.557947 114.543388 115.108155 -121.229462 0.655318
22.400661 49.633233 27.551360 22.133377 50.312529 27.618988 1.289074
106.778227 -76.130550 -147.330511 110.077388 -78.550534 -151.808255 1.419434
-20.830261 -143.165751 82.489157 -21.406669 -147.481718 84.888138 1.777525
-110.809860 11.840823 46.024297 -114.059466 12.229666 47.230206 1.867734
21.957525 -21.180240 18.392025 21.914268 -20.870666 18.580954 1.852480
201.243698 -340.943050 282.801613 207.420743 -351.404279 291.554610 1.150535
-131.030333 -31.010132 -117.575481 -134.616232 -31.654317 -122.443131 1.906433
-7.166227 10.491415 -197.337744 -7.531955 10.762928 -201.479808 0.505836
-64.657770 89.479306 -148.634422 -66.598897 92.202660 -153.167431 1.666254
-77.810550 -47.512006 -76.349824 -80.298873 -49.061133 -78.773693 0.965094
-18.029678 -98.018784 34.381911 -18.486833 -100.765836 35.328825 1.106591
-62.970805 91.429547 55.633467 -65.032846 94.040765 57.289797 1.424407
-16.209884 26.930731 -10.902482 -16.170776 26.967748 -11.622492 0.854916
45.775192 46.658939 -44.794978 47.231571 48.139980 -46.089521 0.764311
16.438310 45.210340 -30.047859 16.152437 46.057747 -30.415731 0.843561
-85.595048 -32.412483 97.178675 -88.255132 -33.464658 100.051577 1.015823
-155.008963 -25.649164 -118.199224 -159.850137 -26.431554 -121.787744 0.572193
2.180711 -143.556258 -2.420699 2.224753 -147.662636 -2.487524 1.447442
17.592287 -42.483087 43.095641 16.364811 -42.848849 44.236780 1.403878
134.245028 -9.598263 -122.061749 138.380820 -9.833326 -125.838986 1.564866
81.088530 -33.369163 94.478176 83.348094 -34.377117 97.163547 1.040261
21.321823 20.394167 -31.077309 22.004094 21.076864 -31.735955 1.826008
-160.402359 -65.730467 1.652489 -165.265418 -67.615780 1.773963 0.922085
-168.499297 41.884820 -75.679870 -173.573170 43.206566 -77.927201 0.993913
-25.460899 7.089464 19.596448 -26.087803 7.186978 20.386345 1.359654
-42.076360 0.144548 59.388852 -42.342659 -0.788546 57.797456 0.555550
67.054666 70.748605 78.369209 68.897372 72.849747 80.555304 0.990128
-228.263583 78.536800 119.108109 -235.237824 80.977307 122.769171 0.521586
-27.664317 -26.214792 43.340844 -26.824796 -27.306902 42.770703 0.730558
-161.623135 1.896332 -26.297635 -166.414025 2.002660 -27.100180 0.555311
-50.769263 -25.329820 183.881516 -52.384002 -26.088190 189.477746 1.446541
89.411089 101.774621 29.674315 92.151074 104.813286 30.535935 1.732271
183.718441 -124.913494 -60.417329 189.431917 -128.742249 -62.432322 1.834420
-78.914250 -25.722895 -20.470597 -81.183390 -26.470591 -21.023420 1.233641
-26.759589 -0.755949 19.796163 -27.761203 -0.148274 20.411760 0.704529
-6.584941 69.451609 -26.516013 -6.738307 71.419173 -27.095946 0.607858
-59.385519 97.793927 6.766067 -61.087972 100.723374 6.903158 1.252395
-6.659968 -192.240956 22.522696 -6.845353 -198.060049 23.135658 0.775429
13.581583 -7.621355 -57.236032 12.932727 -7.897800 -56.625283 0.833153
95.324943 102.164857 39.543838 98.248133 105.368753 40.646454 1.743712
-127.898516 122.925694 -130.966554 -131.916543 126.750501 -135.026324 1.414776
-2.293079 25.253804 0.435775 -3.471853 24.298831 1.149522 1.992832
-52.031684 -50.935829 50.422833 -53.947331 -52.857987 51.982021 0.870077
-57.559897 -152.002082 136.687788 -59.297010 -156.635369 140.863239 0.935734
-24.342498 9.302053 -0.904588 -24.608538 10.022982 -1.036638 0.694325
117.962037 12.681288 -81.959855 121.510696 13.013001 -84.405459 0.781669
-97.799161 -157.876678 -34.067400 -100.783999 -162.602248 -35.175925 0.591428
-8.274987 99.713720 -7.787464 -8.585294 102.677016 -8.030912 1.690521
-21.499596 -17.253016 -13.232616 -21.252079 -17.442698 -12.626710 1.551794
-0.080681 74.602597 -95.769175 0.021341 76.790546 -98.661028 1.130214
-32.067981 -105.336535 -63.355018 -33.013540 -108.290447 -65.205809 1.188073
-64.338728 57.764021 -97.108715 -66.271002 59.612732 -99.973797 0.690290
42.893082 100.240406 72.904856 44.138755 103.255377 75.131821 1.370177
15.837593 133.128789 -187.642065 16.374079 137.216425 -193.428786 1.722063
-112.093639 -63.244894 -31.766895 -115.456181 -65.128141 -32.775810 0.607773
144.282718 36.351031 94.505551 148.596354 37.551766 97.240420 1.183922
30.049758 8.069314 73.257130 29.819670 8.477058 74.494916 1.110116
-131.076262 -2.748958 17.871096 -133.512116 -3.011607 18.218294 1.072590
-73.944863 54.096236 71.931099 -75.990998 55.623158 73.958797 0.794072
2.583834 -14.756195 -6.285724 2.222988 -14.865431 -7.232171 1.996864
-73.119826 98.562627 202.375134 -75.406681 101.633462 208.616691 0.559383
106.930605 -20.802770 -213.071352 110.215773 -21.441714 -219.700651 1.676867
-44.987031 14.834053 79.442720 -46.377583 15.112238 81.753016 1.052911
28.563152 117.084439 -117.766159 29.441863 120.660042 -121.394376 0.894820
90.960660 -123.233991 72.075120 93.582124 -126.861272 74.071777 0.545249
